名前, 名前(カタカナ), 名前(ひらがな),性別
一,ハジメ,はじめ,男
一三,カズミ,かずみ,男
一久,カズヒサ,かずひさ,男
一也,カズヤ,かずや,男
一二三,ヒフミ,ひふみ,女
一仁,カズヒト,かずひと,男
一博,カズヒロ,かずひろ,男
一司,カズシ,かずし,男
一太郎,イチタロウ,いちたろう,男
一夫,カズオ,かずお,男
一子,イチコ,いちこ,女
一宏,カズヒロ,かずひろ,男
一寿,カズヒサ,かずひさ,男
一平,イッペイ,いっぺい,男
一弘,カズヒロ,かずひろ,男
一彦,カズヒコ,かずひこ,男
一憲,カズノリ,かずのり,男
一朗,イチロウ,いちろう,男
一樹,カズキ,かずき,男
一正,カズマサ,かずまさ,男
一男,カズオ,かずお,男
一美,カズミ,かずみ,女
一義,カズヨシ,かずよし,男
一花,イチカ,いちか,女
一華,イチカ,いちか,女
一葉,カズハ,かずは,女
一行,カズユキ,かずゆき,男
一路,カズミチ,かずみち,男
一輝,カズキ,かずき,男
一郎,イチロウ,いちろう,男
一雄,カズオ,かずお,男
七海,ナナミ,ななみ,女
七美,ナナミ,ななみ,女
七菜,ナナ,なな,女
七郎,シチロウ,しちろう,男
丈人,タケト,たけと,男
丈夫,タケオ,たけお,男
三喜,ミキ,みき,男
三夫,ミツオ,みつお,男
三平,サンペイ,さんぺい,男
三朗,サブロウ,さぶろう,男
三枝子,ミエコ,みえこ,女
三男,ミツオ,みつお,男
三郎,サブロウ,さぶろう,男
三雄,ミツオ,みつお,男
与三郎,ヨサブロウ,よさぶろう,男
与四郎,ヨシロウ,よしろう,男
乃亜,ノア,のあ,女
乃愛,ノア,のあ,女
久,ヒサシ,ひさし,男
久典,ヒサノリ,ひさのり,男
久吉,ヒサキチ,ひさきち,男
久夫,ヒサオ,ひさお,男
久子,ヒサコ,ひさこ,女
久寛,ヒサヒロ,ひさひろ,男
久男,ヒサオ,ひさお,男
久美,クミ,くみ,女
久美子,クミコ,くみこ,女
久道,ヒサミチ,ひさみち,男
久雄,ヒサオ,ひさお,男
乙葉,オトハ,おとは,女
亀吉,カメキチ,かめきち,男
亀太郎,カメタロウ,かめたろう,男
亀次郎,カメジロウ,かめじろう,男
二三男,フミオ,ふみお,男
二郎,ジロウ,じろう,男
五月,サツキ,さつき,女
五郎,ゴロウ,ごろう,男
亘,ワタル,わたる,男
亜依,アイ,あい,女
亜子,アコ,あこ,女
亜実,アミ,あみ,女
亜希,アキ,あき,女
亜希子,アキコ,あきこ,女
亜弓,アユミ,あゆみ,女
亜弥,アヤ,あや,女
亜抄子,アサコ,あさこ,女
亜沙美,アサミ,あさみ,女
亜由美,アユミ,あゆみ,女
亜矢,アヤ,あや,女
亜矢子,アヤコ,あやこ,女
亜紀,アキ,あき,女
亜紀子,アキコ,あきこ,女
亜美,アミ,あみ,女
亜衣,アイ,あい,女
亨,トオル,とおる,男
亨治,ミチハル,みちはる,男
享,トオル,とおる,男
京子,キョウコ,きょうこ,女
京香,キョウカ,きょうか,女
亮,アキラ,あきら,男
亮一,リョウイチ,りょういち,男
亮太,リョウタ,りょうた,男
仁,ヒトシ,ひとし,男
仁一,ジンイチ,じんいち,男
仁志,ヒトシ,ひとし,男
仁明,ヒトアキ,ひとあき,男
仁継,マサツグ,まさつぐ,男
仁美,ヒトミ,ひとみ,女
今日子,キョウコ,きょうこ,女
令子,レイコ,れいこ,女
伊代,イヨ,いよ,女
伊吹,イブキ,いぶき,女
伊織,イオリ,いおり,女
伊都子,イツコ,いつこ,女
伍朗,ゴロウ,ごろう,男
伸,シン,しん,男
伸一,シンイチ,しんいち,男
伸也,シンヤ,しんや,男
伸夫,ノブオ,のぶお,男
伸子,ノブコ,のぶこ,女
伸浩,ノブヒロ,のぶひろ,男
伸生,ノブオ,のぶお,男
佐一,サイチ,さいち,男
佐吉,サキチ,さきち,男
佐和,サワ,さわ,女
佐和子,サワコ,さわこ,女
佐太郎,サタロウ,さたろう,男
佐登子,サトコ,さとこ,女
佐知子,サチコ,さちこ,女
佑奈,ユウナ,ゆうな,女
佳乃,ヨシノ,よしの,女
佳代,カヨ,かよ,女
佳代子,カヨコ,かよこ,女
佳佑,ケイスケ,けいすけ,男
佳典,ヨシノリ,よしのり,男
佳奈,ヨシナ,よしな,女
佳奈子,カナコ,かなこ,女
佳子,ヨシコ,よしこ,女
佳歩,カホ,かほ,女
佳祐,ケイスケ,けいすけ,男
佳穂,カホ,かほ,女
佳織,カオリ,かおり,女
佳那子,カナコ,かなこ,女
佳音,カノン,かのん,女
依子,ヨリコ,よりこ,女
俊一,シュンイチ,しゅんいち,男
俊之,トシユキ,としゆき,男
俊二,シュンジ,しゅんじ,男
俊光,トシミツ,としみつ,男
俊博,トシヒロ,としひろ,男
俊史,トシフミ,としふみ,男
俊哉,トシヤ,としや,男
俊夫,トシオ,としお,男
俊子,トシコ,としこ,女
俊幸,トシユキ,としゆき,男
俊彦,トシヒコ,としひこ,男
俊文,トシフミ,としふみ,男
俊明,トシアキ,としあき,男
俊昭,トシアキ,としあき,男
俊樹,トシキ,としき,男
俊治,トシハル,としはる,男
俊男,トシオ,としお,男
俊章,トシアキ,としあき,男
俊範,トシノリ,としのり,男
俊行,トシユキ,としゆき,男
俊郎,トシロウ,としろう,男
俊雄,トシオ,としお,男
保,タモツ,たもつ,男
保之,ヤスユキ,やすゆき,男
保夫,ヤスオ,やすお,男
保生,ヤスオ,やすお,男
保男,ヤスオ,やすお,男
保雄,ヤスオ,やすお,男
信,マコト,まこと,男
信一,シンイチ,しんいち,男
信之,ノブユキ,のぶゆき,男
信也,シンヤ,しんや,男
信二,シンジ,しんじ,男
信吉,シンキチ,しんきち,男
信太郎,シンタロウ,しんたろう,男
信夫,ノブオ,のぶお,男
信子,ノブコ,のぶこ,女
信孝,ノブタカ,のぶたか,男
信幸,ノブユキ,のぶゆき,男
信彦,ノブヒコ,のぶひこ,男
信明,ノブアキ,のぶあき,男
信次,シンジ,しんじ,男
信治,シンジ,しんじ,男
信玄,シンゲン,しんげん,男
信生,ノブオ,のぶお,男
信男,ノブオ,のぶお,男
信義,ノブヨシ,のぶよし,男
信行,ノブユキ,のぶゆき,男
信長,ノブナガ,のぶなが,男
信雄,ノブオ,のぶお,男
修,オサム,おさむ,男
修一,シュウイチ,しゅういち,男
修三,シュウゾウ,しゅうぞう,男
修二,シュウジ,しゅうじ,男
修司,シュウジ,しゅうじ,男
修子,シュウコ,しゅうこ,女
倫子,ミチコ,みちこ,女
健,ケン,けん,男
健一,ケンイチ,けんいち,男
健三,ケンゾウ,けんぞう,男
健三郎,ケンザブロウ,けんざぶろう,男
健之,ケンジ,けんじ,男
健二,ケンジ,けんじ,男
健介,ケンスケ,けんすけ,男
健史,タケシ,たけし,男
健司,ケンジ,けんじ,男
健吉,ケンキチ,けんきち,男
健太,ケンタ,けんた,男
健太郎,ケンタロウ,けんたろう,男
健夫,タケオ,たけお,男
健志,タケシ,たけし,男
健次,ケンジ,けんじ,男
健次郎,ケンジロウ,けんじろう,男
健治,ケンジ,けんじ,男
健蔵,ケンゾウ,けんぞう,男
優,マサル,まさる,男
優,ユウ,ゆう,女
優佳,ユウカ,ゆうか,女
優依,ユイ,ゆい,女
優太,ユウタ,ゆうた,男
優奈,ユウナ,ゆうな,女
優子,ユウコ,ゆうこ,女
優希,ユウキ,ゆうき,女
優斗,ユウト,ゆうと,男
優月,ユヅキ,ゆづき,女
優来,ユラ,ゆら,女
優空,ユラ,ゆら,女
優美,ユミ,ゆみ,女
優羽,ユウ,ゆう,女
優花,ユカ,ゆか,女
優芽,ユメ,ゆめ,女
優菜,ユウナ,ゆうな,女
優華,ユウカ,ゆうか,女
優衣,ユイ,ゆい,女
優起,ユウキ,ゆうき,男
優那,ユウナ,ゆうな,女
優里,ユリ,ゆり,女
優香,ユウカ,ゆうか,女
元,ハジメ,はじめ,男
元夫,モトオ,もとお,男
元彦,モトヒコ,もとひこ,男
充,ミツル,みつる,男
充照,ミツテル,みつてる,男
光,アキラ,あきら,男
光,ヒカル,ひかる,女
光一,コウイチ,こういち,男
光代,ミツヨ,みつよ,男
光信,ミツノブ,みつのぶ,男
光夫,ミツオ,みつお,男
光子,ミツコ,みつこ,女
光希,ミツキ,みつき,女
光彦,ミツヒコ,みつひこ,男
光成,ミツナリ,みつなり,男
光政,ミツマサ,みつまさ,男
光明,ミツアキ,みつあき,男
光昭,ミツアキ,みつあき,男
光枝,ミツエ,みつえ,女
光正,ミツマサ,みつまさ,男
光男,ミツオ,みつお,男
光義,ミツヨシ,みつよし,男
光雄,ミツオ,みつお,男
克哉,カツヤ,かつや,男
克子,カツコ,かつこ,女
克宏,カツヒロ,かつひろ,男
克己,カツミ,かつみ,男
克巳,カツミ,かつみ,男
克彦,カツヒコ,かつひこ,男
克洋,カツヒロ,かつひろ,男
克美,カツミ,かつみ,女
克美,カツミ,かつみ,男
八郎,ハチロウ,はちろう,男
八重子,ヤエコ,やえこ,女
公一,コウイチ,こういち,男
公子,キミコ,きみこ,女
公子,キミコ,きみこ,男
公平,コウヘイ,こうへい,男
公彦,キミヒコ,きみひこ,男
公男,キミオ,きみお,男
公雄,キミオ,きみお,男
六郎,ロクロウ,ろくろう,男
典大,ノリヒロ,のりひろ,男
典子,ノリコ,のりこ,女
兼吉,カネキチ,かねきち,男
円,マドカ,まどか,女
円美,マルミ,まるみ,女
円香,マドカ,まどか,女
冨士子,フジコ,ふじこ,女
冨士雄,フジオ,ふじお,男
冨子,トミコ,とみこ,女
冨美子,フミコ,ふみこ,女
凛,リン,りん,女
凛乃,リノ,りの,女
凛子,リンコ,りんこ,女
凛花,リンカ,りんか,女
凛華,リンカ,りんか,女
凛香,リンカ,りんか,女
凜,リン,りん,女
凪,ナギ,なぎ,女
凪沙,ナギサ,なぎさ,女
凪紗,ナギサ,なぎさ,女
初太郎,ハツタロウ,はつたろう,男
初江,ハツエ,はつえ,女
初男,ハツオ,はつお,男
初音,ハツネ,はつね,女
利一,トシカズ,としかず,男
利三郎,リサブロウ,りさぶろう,男
利之,トシユキ,としゆき,男
利伸,トシノブ,としのぶ,男
利佳,リカ,りか,女
利勝,トシカツ,としかつ,男
利吉,リキチ,りきち,男
利夫,トシオ,としお,男
利奈,リナ,りな,女
利子,トシコ,としこ,女
利平,リヘイ,りへい,男
利幸,トシユキ,としゆき,男
利彦,トシヒコ,としひこ,男
利忠,トシタダ,としただ,男
利恵,リエ,りえ,女
利明,トシアキ,としあき,男
利昭,トシアキ,としあき,男
利朗,トシオ,としお,男
利治,トシハル,としはる,男
利津子,リツコ,りつこ,女
利男,トシオ,としお,男
利郎,トシロウ,としろう,男
利雄,トシオ,としお,男
則夫,ノリオ,のりお,男
則明,ノリアキ,のりあき,男
剛,タケシ,たけし,男
剣一,ケンイチ,けんいち,男
創,ハジメ,はじめ,男
力,チカラ,ちから,男
力男,リキオ,りきお,男
力雄,リキオ,りきお,男
功,イサオ,いさお,男
功一,コウイチ,こういち,男
加奈,カナ,かな,女
加奈子,カナコ,かなこ,女
努,ツトム,つとむ,男
勇,イサミ,いさみ,男
勇一,ユウイチ,ゆういち,男
勇三,ユウゾウ,ゆうぞう,男
勇二,ユウジ,ゆうじ,男
勇人,ハヤト,はやと,男
勇吉,ユウキチ,ゆうきち,男
勇夫,イサオ,いさお,男
勇次,ユウジ,ゆうじ,男
勇治,ユウジ,ゆうじ,男
勇蔵,ユウゾウ,ゆうぞう,男
勇雄,イサオ,いさお,男
勉,ツトム,つとむ,男
務,ツトム,つとむ,男
勝,マサル,まさる,男
勝一,カツイチ,かついち,男
勝三,カツゾウ,かつぞう,男
勝久,カツヒサ,かつひさ,男
勝也,カツヤ,かつや,男
勝利,カツトシ,かつとし,男
勝哉,カツヤ,かつや,男
勝太郎,カツタロウ,かつたろう,男
勝夫,カツオ,かつお,男
勝子,カツコ,かつこ,女
勝巳,カツミ,かつみ,男
勝彦,カツヒコ,かつひこ,男
勝昭,カツアキ,かつあき,男
勝次,カツジ,かつじ,男
勝治,カツジ,かつじ,男
勝男,カツオ,かつお,男
勝美,カツミ,かつみ,女
勝美,カツミ,かつみ,男
勝義,カツヨシ,かつよし,男
勝雄,カツオ,かつお,男
勤,ツトム,つとむ,男
勲,イサオ,いさお,男
匠,タクミ,たくみ,男
匡弘,マサヒロ,まさひろ,男
十三,ジュウゾウ,じゅうぞう,男
十郎,ジュウロウ,じゅうろう,男
千代,チヨ,ちよ,女
千代乃,チヨノ,ちよの,女
千代子,チヨコ,ちよこ,女
千佐子,チサコ,ちさこ,女
千佳,チカ,ちか,女
千加子,チカコ,ちかこ,女
千咲,チサキ,ちさき,女
千夏,チナツ,ちなつ,女
千尋,チヒロ,ちひろ,女
千恵,チエ,ちえ,女
千恵子,チエコ,ちえこ,女
千明,チアキ,ちあき,女
千春,チハル,ちはる,女
千晴,チハル,ちはる,女
千晶,チアキ,ちあき,女
千枝子,チエコ,ちえこ,女
千秋,チアキ,ちあき,女
千穂,チホ,ちほ,女
千紗,チサ,ちさ,女
千紘,チヒロ,ちひろ,女
千絵,チエ,ちえ,女
千裕,チヒロ,ちひろ,女
千里,チサト,ちさと,女
千鶴,チヅル,ちづる,女
千鶴子,チヅコ,ちづこ,女
卓,タカシ,たかし,男
卓也,タクヤ,たくや,男
卓雄,タクオ,たくお,男
南,ミナミ,みなみ,女
博,ヒロシ,ひろし,男
博一,ヒロカズ,ひろかず,男
博久,ヒロヒサ,ひろひさ,男
博之,ヒロユキ,ひろゆき,男
博信,ヒロノブ,ひろのぶ,男
博史,ヒロシ,ひろし,男
博司,ヒロシ,ひろし,男
博嗣,ヒロツグ,ひろつぐ,男
博子,ヒロコ,ひろこ,女
博文,ヒロフミ,ひろふみ,男
博明,ヒロアキ,ひろあき,男
博昭,ヒロアキ,ひろあき,男
博満,ヒロミツ,ひろみつ,男
博美,ヒロミ,ひろみ,女
博道,ヒロミチ,ひろみち,男
厚,アツシ,あつし,男
厚吉,コウキチ,こうきち,男
友一,トモカズ,ともかず,男
友吉,トモヨシ,ともよし,男
友和,トモカズ,ともかず,男
友子,トモコ,ともこ,女
友彦,トモヒコ,ともひこ,男
友治,トモジ,ともじ,男
友洋,トモヒロ,ともひろ,男
友紀,ユキ,ゆき,女
友美,ユミ,ゆみ,女
友菜,ユウナ,ゆうな,女
友里,ユリ,ゆり,女
友香,トモカ,ともか,女
双葉,フタバ,ふたば,女
可憐,カレン,かれん,女
史織,シオリ,しおり,女
史郎,シロウ,しろう,男
司,ツカサ,つかさ,女
司,ツカサ,つかさ,男
司郎,シロウ,しろう,男
吉之助,キチノスケ,きちのすけ,男
吉夫,ヨシオ,よしお,男
吉彦,ヨシヒコ,よしひこ,男
吉明,ヨシアキ,よしあき,男
吉男,ヨシオ,よしお,男
吉郎,キチロウ,きちろう,男
吉雄,ヨシオ,よしお,男
向日葵,ヒマリ,ひまり,女
君子,キミコ,きみこ,女
周二,シュウジ,しゅうじ,男
和,ノドカ,のどか,女
和之,カズユキ,かずゆき,男
和也,カズヤ,かずや,男
和人,カズト,かずと,男
和仁,カズヒト,かずひと,男
和代,カズヨ,かずよ,女
和佳,ワカ,わか,女
和佳奈,ワカナ,わかな,女
和佳子,ワカコ,わかこ,女
和利,カズトシ,かずとし,男
和夫,カズオ,かずお,男
和奏,ワカナ,わかな,女
和子,カズコ,かずこ,女
和島,ワジマ,わじま,男
和幸,カズユキ,かずゆき,男
和広,カズヒロ,かずひろ,男
和弘,カズヒロ,かずひろ,男
和弥,カズヤ,かずや,男
和彦,カズヒコ,かずひこ,男
和徳,カズノリ,かずのり,男
和恵,カズエ,かずえ,女
和明,カズアキ,かずあき,男
和枝,カズエ,かずえ,女
和歌子,ワカコ,わかこ,女
和正,カズマサ,かずまさ,男
和比古,カズヒコ,かずひこ,男
和男,カズオ,かずお,男
和秀,カズヒデ,かずひで,男
和美,カズミ,かずみ,女
和義,カズヨシ,かずよし,男
和臣,カズオミ,かずおみ,男
和花,ノドカ,のどか,女
和茂,カズシゲ,かずしげ,男
和葉,カズハ,かずは,女
和裕,カズヒロ,かずひろ,男
和雄,カズオ,かずお,男
和香,ワカ,わか,女
和馬,カズマ,かずま,男
咲,サキ,さき,女
咲奈,サナ,さな,女
咲子,サキコ,さきこ,女
咲季,サキ,さき,女
咲希,サキ,さき,女
咲月,サツキ,さつき,女
咲来,サクラ,さくら,女
咲良,サラ,さら,女
咲菜,サナ,さな,女
哲,サトシ,さとし,男
哲也,テツヤ,てつや,男
哲二,テツジ,てつじ,男
哲史,テツシ,てつし,男
哲夫,テツオ,てつお,男
哲朗,テツロウ,てつろう,男
哲男,テツオ,てつお,男
哲美,テツミ,てつみ,女
哲郎,テツロウ,てつろう,男
哲雄,テツオ,てつお,男
唯,ユイ,ゆい,女
唯花,ユイカ,ゆいか,女
唯菜,ユイナ,ゆいな,女
唯衣,ユイ,ゆい,女
啓一,ケイイチ,けいいち,男
啓三,ケイゾウ,けいぞう,男
啓之,ヒロユキ,ひろゆき,男
啓二,ケイジ,けいじ,男
啓介,ケイスケ,けいすけ,男
啓司,ケイジ,けいじ,男
啓吾,ケイゴ,けいご,男
啓子,ケイコ,けいこ,女
啓文,ヒロフミ,ひろふみ,男
善一,ゼンイチ,ぜんいち,男
善之,ヨシユキ,よしゆき,男
善吉,ゼンキチ,ぜんきち,男
善四郎,ゼンシロウ,ぜんしろう,男
善太郎,ゼンタロウ,ぜんたろう,男
善成,ヨシナリ,よしなり,男
善次,ヨシツグ,よしつぐ,男
善次郎,ゼンジロウ,ぜんじろう,男
善雄,ヨシオ,よしお,男
喜一,キイチ,きいち,男
喜一郎,キイチロウ,きいちろう,男
喜三郎,キサブロウ,きさぶろう,男
喜久治,キクジ,きくじ,男
喜久男,キクオ,きくお,男
喜久雄,キクオ,きくお,男
喜代,キヨ,きよ,女
喜代子,キヨコ,きよこ,女
喜代志,キヨシ,きよし,男
喜代治,キヨジ,きよじ,男
喜作,キサク,きさく,男
喜八郎,キハチロウ,きはちろう,男
喜太郎,キタロウ,きたろう,男
喜市,キイチ,きいち,男
喜弘,ヨシヒロ,よしひろ,男
喜晴,ヨシハル,よしはる,男
喜美子,キミコ,きみこ,女
喬,タカシ,たかし,男
嘉一,カイチ,かいち,男
嘉之,ヨシユキ,よしゆき,男
嘉子,ヨシコ,よしこ,女
嘉男,ヨシオ,よしお,男
四郎,シロウ,しろう,男
国夫,クニオ,くにお,男
国彦,クニヒコ,くにひこ,男
国男,クニオ,くにお,男
国雄,クニオ,くにお,男
國吉,クニヨシ,くによし,男
圭,ケイ,けい,男
圭一,ケイイチ,けいいち,男
圭二,ケイジ,けいじ,男
圭子,ケイコ,けいこ,女
均,ヒトシ,ひとし,男
基一,キイチ,きいち,男
基之,モトユキ,もとゆき,男
基良,モトヨシ,もとよし,男
堂下,ドウシタ,どうした,女
堅助,ケンスケ,けんすけ,男
夏子,ナツコ,なつこ,女
夏実,ナツミ,なつみ,女
夏帆,カホ,かほ,女
夏希,ナツキ,なつき,女
夏海,ナツミ,なつみ,女
夏美,ナツミ,なつみ,女
夏鈴,カリン,かりん,女
夏音,カノン,かのん,女
夕菜,ユウナ,ゆうな,女
多紀,タキ,たき,女
夢,ユメ,ゆめ,女
大介,ダイスケ,だいすけ,男
大和,ヤマト,やまと,男
大地,ダイチ,だいち,男
大樹,ダイキ,だいき,男
大貴,ダイキ,だいき,男
大輔,ダイスケ,だいすけ,男
大輝,ダイキ,だいき,男
大造,タイゾウ,たいぞう,男
天音,アマネ,あまね,女
太一,タイチ,たいち,男
太郎,タロウ,たろう,男
太陽,タイヨウ,たいよう,男
奈々,ナナ,なな,女
奈々子,ナナコ,ななこ,女
奈々美,ナナミ,ななみ,女
奈保子,ナオコ,なおこ,女
奈保美,ナホミ,なほみ,女
奈央,ナオ,なお,女
奈月,ナツキ,なつき,女
奈津子,ナツコ,なつこ,女
奈津美,ナツミ,なつみ,女
奈穂,ナホ,なほ,女
奈緒,ナオ,なお,女
奈緒子,ナオコ,なおこ,女
奈緒美,ナオミ,なおみ,女
奈美,ナミ,なみ,女
奈菜,ナナ,なな,女
奈那,ナナ,なな,女
奏,カナデ,かなで,女
奏音,カノン,かのん,女
好,ヨシ,よし,女
好一,ヨシカズ,よしかず,男
好克,ヨシカツ,よしかつ,男
好夫,ヨシオ,よしお,男
好子,ヨシコ,よしこ,女
好男,ヨシオ,よしお,男
好美,ヨシミ,よしみ,女
好雄,ヨシオ,よしお,男
妃奈,ヒナ,ひな,女
妃菜,ヒナ,ひな,女
妙子,タエコ,たえこ,女
威雄,タケオ,たけお,男
孝,タカシ,たかし,男
孝一,コウイチ,こういち,男
孝三,コウゾウ,こうぞう,男
孝之,タカユキ,たかゆき,男
孝二,コウジ,こうじ,男
孝利,タカトシ,たかとし,男
孝司,タカシ,たかし,男
孝吉,コウキチ,こうきち,男
孝太郎,コウタロウ,こうたろう,男
孝夫,タカオ,たかお,男
孝子,タカコ,たかこ,女
孝宏,タカヒロ,たかひろ,男
孝幸,タカユキ,たかゆき,男
孝志,タカシ,たかし,男
孝明,タカアキ,たかあき,男
孝次,コウジ,こうじ,男
孝治,コウジ,こうじ,男
孝男,タカオ,たかお,男
孝義,タカヨシ,たかよし,男
孝行,タカユキ,たかゆき,男
孝通,タカミチ,たかみち,男
孝雄,タカオ,たかお,男
季衣,トシエ,としえ,女
学,マナブ,まなぶ,男
守,マモル,まもる,男
守友,モリトモ,もりとも,男
守弘,モリヒロ,もりひろ,男
守彦,モリヒコ,もりひこ,男
守男,モリオ,もりお,男
安,ヤスシ,やすし,男
安則,ヤスノリ,やすのり,男
安奈,アンナ,あんな,女
安子,ヤスコ,やすこ,女
安弘,ヤスヒロ,やすひろ,男
安男,ヤスオ,やすお,男
安雄,ヤスオ,やすお,男
完治,カンジ,かんじ,男
宏,ヒロシ,ひろし,男
宏之,ヒロユキ,ひろゆき,男
宏光,ヒロミツ,ひろみつ,男
宏寿,ヒロトシ,ひろとし,男
宏明,ヒロアキ,ひろあき,男
宏次,コウジ,こうじ,男
宏江,ヒロエ,ひろえ,女
宏美,ヒロミ,ひろみ,女
宏行,ヒロユキ,ひろゆき,男
宗一,ソウイチ,そういち,男
宗男,ムネオ,むねお,男
宗雄,ムネオ,むねお,男
宙子,ヒロコ,ひろこ,女
定吉,サダキチ,さだきち,男
定夫,サダオ,さだお,男
定男,サダオ,さだお,男
定雄,サダオ,さだお,男
実,ミノル,みのる,男
実優,ミユ,みゆ,女
実可,ミカ,みか,女
実咲,ミサキ,みさき,女
実希子,ミキコ,みきこ,女
実桜,ミオ,みお,女
実結,ミユ,みゆ,女
実緒,ミオ,みお,女
宣彦,ノブヒコ,のぶひこ,男
宣政,ノブマサ,のぶまさ,男
容子,ヨウコ,ようこ,女
寅吉,トラキチ,とらきち,男
寅男,トラオ,とらお,男
寅雄,トラオ,とらお,男
富士夫,フジオ,ふじお,男
富士雄,フジオ,ふじお,男
富夫,トミオ,とみお,男
富子,トミコ,とみこ,女
富男,トミオ,とみお,男
富美子,トミコ,とみこ,女
富雄,トミオ,とみお,男
寛,ヒロシ,ひろし,男
寛之,ヒロユキ,ひろゆき,男
寛子,ヒロコ,ひろこ,女
寛治,カンジ,かんじ,男
寧々,ネネ,ねね,女
寧音,ネネ,ねね,女
寿,ヒサシ,ひさし,男
寿子,トシコ,としこ,女
寿晴,トシハル,としはる,男
寿男,トシオ,としお,男
将文,マサフミ,まさふみ,男
小夏,コナツ,こなつ,女
小春,コハル,こはる,女
小晴,コハル,こはる,女
小枝子,サエコ,さえこ,女
小梅,コウメ,こうめ,女
小百合,サユリ,さゆり,女
小雪,コユキ,こゆき,女
尚,タカシ,たかし,男
尚三,ショウゾウ,しょうぞう,男
尚司,ショウジ,しょうじ,男
尚夫,ヒサオ,ひさお,男
尚子,ナオコ,なおこ,女
尚志,ヒサシ,ひさし,男
尚生,ヒサオ,ひさお,男
尚紀,ナオキ,なおき,男
尚美,ナオミ,なおみ,女
岩夫,イワオ,いわお,男
岩生,イワオ,いわお,男
岩男,イワオ,いわお,男
岩雄,イワオ,いわお,男
峰雄,ミネオ,みねお,男
峻輝,シュンキ,しゅんき,男
崇,タカシ,たかし,男
巌,イワオ,いわお,男
巧,タクミ,たくみ,男
市太郎,イチタロウ,いちたろう,男
市郎,イチロウ,いちろう,男
帆乃香,ホノカ,ほのか,女
帆花,ホノカ,ほのか,女
帆香,ホノカ,ほのか,女
希,ノゾミ,のぞみ,女
希実,ノゾミ,のぞみ,女
希望,ノゾミ,のぞみ,女
希美,キミ,きみ,女
常吉,ツネキチ,つねきち,男
常夫,ツネオ,つねお,男
常明,ツネアキ,つねあき,男
常男,ツネオ,つねお,男
常雄,ツネオ,つねお,男
平一,ヘイイチ,へいいち,男
平八郎,ヘイハチロウ,へいはちろう,男
平吉,ヘイキチ,へいきち,男
年子,トシコ,としこ,女
年昭,トシアキ,としあき,男
年紀,トシノリ,としのり,男
幸,サチ,さち,女
幸一,コウイチ,こういち,男
幸一郎,コウイチロウ,こういちろう,男
幸三,コウゾウ,こうぞう,男
幸三郎,コウザブロウ,こうざぶろう,男
幸也,ユキヤ,ゆきや,男
幸二,コウジ,こうじ,男
幸仁,ユキヒト,ゆきひと,男
幸作,コウサク,こうさく,男
幸司,コウジ,こうじ,男
幸吉,コウキチ,こうきち,男
幸四郎,コウシロウ,こうしろう,男
幸太郎,コウタロウ,こうたろう,男
幸夫,ユキオ,ゆきお,男
幸子,サチコ,さちこ,女
幸市,コウイチ,こういち,男
幸平,コウヘイ,こうへい,男
幸彦,ユキヒコ,ゆきひこ,男
幸恵,ユキエ,ゆきえ,女
幸春,ユキハル,ゆきはる,男
幸次,コウジ,こうじ,男
幸次郎,コウジロウ,こうじろう,男
幸治,コウジ,こうじ,男
幸男,ユキオ,ゆきお,男
幸真,ユキマサ,ゆきまさ,男
幸雄,サチオ,さちお,男
幹夫,ミキオ,みきお,男
幹彦,ミキヒコ,みきひこ,男
幹男,ミキオ,みきお,男
幹雄,ミキオ,みきお,男
広,ヒロシ,ひろし,男
広史,ヒロシ,ひろし,男
広司,ヒロシ,ひろし,男
広吉,ヒロキチ,ひろきち,男
広幸,ヒロユキ,ひろゆき,男
広志,ヒロシ,ひろし,男
広明,ヒロアキ,ひろあき,男
広昭,ヒロアキ,ひろあき,男
広治,ヒロジ,ひろじ,男
広行,ヒロユキ,ひろゆき,男
広重,ヒロシゲ,ひろしげ,男
庄一,ショウイチ,しょういち,男
康之,ヤスユキ,やすゆき,男
康代,ヤスヨ,やすよ,女
康博,ヤスヒロ,やすひろ,男
康司,コウジ,こうじ,男
康善,ヤスヨシ,やすよし,男
康夫,ヤスオ,やすお,男
康子,ヤスコ,やすこ,女
康弘,ヤスヒロ,やすひろ,男
康彦,ヤスヒコ,やすひこ,男
康朗,ヤスロウ,やすろう,男
康正,ヤスマサ,やすまさ,男
康治,コウジ,こうじ,男
康生,ヤスオ,やすお,男
康男,ヤスオ,やすお,男
康雄,ヤスオ,やすお,男
廣祐,コウスケ,こうすけ,男
建司,ケンジ,けんじ,男
弓子,ユミコ,ゆみこ,女
弓月,ユヅキ,ゆづき,女
弘,ヒロシ,ひろし,男
弘一,コウイチ,こういち,男
弘之,ヒロユキ,ひろゆき,男
弘子,ヒロコ,ひろこ,女
弘恭,ヒロユキ,ひろゆき,男
弘明,ヒロアキ,ひろあき,男
弘美,ヒロミ,ひろみ,女
弥太郎,ヤタロウ,やたろう,男
弥生,ヤヨイ,やよい,女
強,ツヨシ,つよし,男
当麻,トウマ,とうま,女
彦太郎,ヒコタロウ,ひこたろう,男
彩,アヤ,あや,女
彩乃,アヤノ,あやの,女
彩加,アヤカ,あやか,女
彩夏,サイカ,さいか,女
彩奈,アヤナ,あやな,女
彩子,アヤコ,あやこ,女
彩希,サキ,さき,女
彩花,アヤカ,あやか,女
彩芽,アヤメ,あやめ,女
彩菜,アヤナ,あやな,女
彩華,アヤカ,あやか,女
彩葉,イロハ,いろは,女
彩那,アヤナ,あやな,女
彩音,アヤネ,あやね,女
彩香,アヤカ,あやか,女
彰,アキラ,あきら,男
彰三,ショウゾウ,しょうぞう,男
彰英,アキヒデ,あきひで,男
律子,リツコ,りつこ,女
御喜家,ミキヤ,みきや,男
徳一,トクイチ,とくいち,男
徳三郎,トクサブロウ,とくさぶろう,男
徳太郎,トクタロウ,とくたろう,男
徳子,ノリコ,のりこ,女
徳康,トクヤス,とくやす,男
徳次郎,トクジロウ,とくじろう,男
徳治,トクジ,とくじ,男
徳男,トクオ,とくお,男
徳美,トクミ,とくみ,女
徳蔵,トクゾウ,とくぞう,男
徳雄,トクオ,とくお,男
徹,トオル,とおる,男
徹子,テツコ,てつこ,女
心,ココロ,こころ,女
心優,ミユ,みゆ,女
心咲,ミサキ,みさき,女
心愛,ココア,ここあ,女
心春,コハル,こはる,女
心結,ミユ,みゆ,女
心美,ココミ,ここみ,女
心菜,ココナ,ここな,女
心音,ココネ,ここね,女
忍,シノブ,しのぶ,女
忍,シノブ,しのぶ,男
志乃,シノ,しの,女
志保,シホ,しほ,女
志帆,シホ,しほ,女
志歩,シホ,しほ,女
志穂,シホ,しほ,女
志織,シオリ,しおり,女
志郎,シロウ,しろう,男
忠,タダシ,ただし,男
忠一,チュウイチ,ちゅういち,男
忠三,チュウゾウ,ちゅうぞう,男
忠司,タダシ,ただし,男
忠吉,チュウキチ,ちゅうきち,男
忠夫,タダオ,ただお,男
忠広,タダヒロ,ただひろ,男
忠彦,タダヒコ,ただひこ,男
忠志,タダシ,ただし,男
忠正,タダマサ,ただまさ,男
忠治,タダハル,ただはる,男
忠男,タダオ,ただお,男
忠義,タダヨシ,ただよし,男
忠良,タダヨシ,ただよし,男
忠雄,タダオ,ただお,男
怜,レイ,れい,女
怜奈,レイナ,れいな,女
怜子,レイコ,れいこ,女
恒夫,ツネオ,つねお,男
恒敏,ツネトシ,つねとし,男
恒男,ツネオ,つねお,男
恒雄,ツネオ,つねお,男
恭一,キョウイチ,きょういち,男
恭三郎,キョウザブロウ,きょうざぶろう,男
恭之,ヤスユキ,やすゆき,男
恭子,キョウコ,きょうこ,女
恵,ケイ,けい,女
恵一,ケイイチ,けいいち,男
恵三,ケイゾウ,けいぞう,男
恵利,エリ,えり,女
恵子,ケイコ,けいこ,女
恵理,エリ,えり,女
恵理子,エリコ,えりこ,女
恵美,エミ,えみ,女
恵美子,エミコ,えみこ,女
悟,サトシ,さとし,男
悠,ハルカ,はるか,女
悠奈,ユウナ,ゆうな,女
悠斗,ユウト,ゆうと,男
悠花,ユウカ,ゆうか,女
悠菜,ユウナ,ゆうな,女
悠里,ユウリ,ゆうり,女
悦代,エツヨ,えつよ,女
悦哉,エツヤ,えつや,男
悦太郎,エツタロウ,えつたろう,男
悦夫,エツオ,えつお,男
悦子,エツコ,えつこ,女
惟史,タダシ,ただし,男
愛,アイ,あい,女
愛佳,アイカ,あいか,女
愛奈,アイナ,あいな,女
愛子,アイコ,あいこ,女
愛実,マナミ,まなみ,女
愛梨,アイリ,あいり,女
愛海,マナミ,まなみ,女
愛理,アイリ,あいり,女
愛結,アユ,あゆ,女
愛美,アイミ,あいみ,女
愛良,アイラ,あいら,女
愛花,アイカ,あいか,女
愛莉,アイリ,あいり,女
愛菜,アイナ,あいな,女
愛華,アイカ,あいか,女
愛里,アイリ,あいり,女
愛音,アイネ,あいね,女
愛香,アイカ,あいか,女
慎一,シンイチ,しんいち,男
慎一郎,シンイチロウ,しんいちろう,男
慶一,ケイイチ,けいいち,男
慶太,ケイタ,けいた,男
慶子,ケイコ,けいこ,女
慶治,ケイジ,けいじ,男
憲一,ケンイチ,けんいち,男
憲二,ケンジ,けんじ,男
憲司,ケンジ,けんじ,男
憲治,ケンジ,けんじ,男
成光,ナルミツ,なるみつ,男
成康,ナリヤス,なりやす,男
成美,ナルミ,なるみ,女
成良,ナルヨシ,なるよし,男
戸敷,トシキ,としき,男
房子,フサコ,ふさこ,女
扶三代,フミヨ,ふみよ,女
拓也,タクヤ,たくや,男
拓哉,タクヤ,たくや,男
拓海,タクミ,たくみ,男
揚子,ヨウコ,ようこ,女
政一,マサイチ,まさいち,男
政人,マサト,まさと,男
政信,マサノブ,まさのぶ,男
政利,マサトシ,まさとし,男
政勝,マサカツ,まさかつ,男
政吉,マサキチ,まさきち,男
政夫,マサオ,まさお,男
政子,マサコ,まさこ,女
政幸,マサユキ,まさゆき,男
政弘,マサヒロ,まさひろ,男
政志,マサシ,まさし,男
政春,マサハル,まさはる,男
政昭,マサアキ,まさあき,男
政次,マサツグ,まさつぐ,男
政治,マサジ,まさじ,男
政男,マサオ,まさお,男
政美,マサミ,まさみ,女
政義,マサヨシ,まさよし,男
政行,マサユキ,まさゆき,男
政雄,マサオ,まさお,男
敏,サトシ,さとし,男
敏之,トシユキ,としゆき,男
敏仁,トシヒト,としひと,男
敏伸,トシノブ,としのぶ,男
敏哉,トシヤ,としや,男
敏嗣,トシツグ,としつぐ,男
敏夫,トシオ,としお,男
敏子,トシコ,としこ,女
敏宏,トシヒロ,としひろ,男
敏幸,トシユキ,としゆき,男
敏弘,トシヒロ,としひろ,男
敏彦,トシヒコ,としひこ,男
敏明,トシアキ,としあき,男
敏昭,トシアキ,としあき,男
敏正,トシマサ,としまさ,男
敏男,トシオ,としお,男
敏行,トシユキ,としゆき,男
敏郎,トシロウ,としろう,男
敏雄,トシオ,としお,男
敦,アツシ,あつし,男
敦司,アツシ,あつし,男
敦子,アツコ,あつこ,女
敦彦,アツヒコ,あつひこ,男
敦盛,アツモリ,あつもり,男
敬,タカシ,たかし,男
敬一,ケイイチ,けいいち,男
敬三,ケイゾウ,けいぞう,男
敬二,ケイジ,けいじ,男
敬子,ケイコ,けいこ,女
数也,カズヤ,かずや,男
数子,カズコ,かずこ,女
文,アヤ,あや,女
文一,ブンイチ,ぶんいち,男
文乃,アヤノ,あやの,女
文二,ブンジ,ぶんじ,男
文夫,フミオ,ふみお,男
文子,アヤコ,あやこ,女
文平,ブンペイ,ぶんぺい,男
文康,フミヤス,ふみやす,男
文彦,フミヒコ,ふみひこ,男
文昭,フミアキ,ふみあき,男
文治,ブンジ,ぶんじ,男
文男,フミオ,ふみお,男
文隆,フミタカ,ふみたか,男
文雄,フミオ,ふみお,男
文音,アヤネ,あやね,女
文香,フミカ,ふみか,女
斎,ヒトシ,ひとし,男
新一,シンイチ,しんいち,男
新一郎,シンイチロウ,しんいちろう,男
新吉,シンキチ,しんきち,男
新太郎,シンタロウ,しんたろう,男
新平,シンペイ,しんぺい,男
新次郎,シンジロウ,しんじろう,男
新治,シンジ,しんじ,男
日出夫,ヒデオ,ひでお,男
日出男,ヒデオ,ひでお,男
日向,ヒナタ,ひなた,女
日向子,ヒナコ,ひなこ,女
日和,ヒヨリ,ひより,女
日奈,ヒナ,ひな,女
日菜,ヒナ,ひな,女
日菜乃,ヒナノ,ひなの,女
日菜子,ヒナコ,ひなこ,女
早希,サキ,さき,女
早百合,サユリ,さゆり,女
早紀,サキ,さき,女
早苗,サナエ,さなえ,女
昇,ノボル,のぼる,男
昇一,ショウイチ,しょういち,男
昌,マサシ,まさし,男
昌一郎,ショウイチロウ,しょういちろう,男
昌之,マサユキ,まさゆき,男
昌也,マサヤ,まさや,男
昌二,ショウジ,しょうじ,男
昌信,マサノブ,まさのぶ,男
昌利,マサトシ,まさとし,男
昌嗣,マサシ,まさし,男
昌子,マサコ,まさこ,女
昌孝,マサタカ,まさたか,男
昌宏,マサヒロ,まさひろ,男
昌己,マサミ,まさみ,女
昌幸,マサユキ,まさゆき,男
昌弘,マサヒロ,まさひろ,男
昌彦,マサヒコ,まさひこ,男
昌枝,マサエ,まさえ,女
昌男,マサオ,まさお,男
明,アキラ,あきら,男
明仁,アキヒト,あきひと,男
明夫,アキオ,あきお,男
明子,アキコ,あきこ,女
明宏,アキヒロ,あきひろ,男
明弘,アキヒロ,あきひろ,男
明彦,アキヒコ,あきひこ,男
明憲,アキノリ,あきのり,男
明日香,アスカ,あすか,女
明男,アキオ,あきお,男
明紀,アキノリ,あきのり,男
明美,アキメ,あきめ,女
明莉,アカリ,あかり,女
明菜,アキナ,あきな,女
明里,アカリ,あかり,女
明雄,アキオ,あきお,男
明音,アカネ,あかね,女
春,ハル,はる,女
春代,ハルヨ,はるよ,女
春佳,ハルカ,はるか,女
春吉,ハルキチ,はるきち,男
春夫,ハルオ,はるお,男
春奈,ハルナ,はるな,女
春子,ハルコ,はるこ,女
春彦,ハルヒコ,はるひこ,男
春江,ハルエ,はるえ,女
春治,ハルジ,はるじ,男
春男,ハルオ,はるお,男
春美,ハルミ,はるみ,女
春花,ハルカ,はるか,女
春菜,ハルナ,はるな,女
春華,ハルカ,はるか,女
春雄,ハルオ,はるお,男
春香,ハルカ,はるか,女
昭,アキラ,あきら,男
昭一,ショウイチ,しょういち,男
昭三,ショウゾウ,しょうぞう,男
昭二,ショウジ,しょうじ,男
昭司,ショウジ,しょうじ,男
昭吉,ショウキチ,しょうきち,男
昭吾,ショウゴ,しょうご,男
昭夫,アキオ,あきお,男
昭子,アキコ,あきこ,女
昭彦,アキヒコ,あきひこ,男
昭次,ショウジ,しょうじ,男
昭治,ショウジ,しょうじ,男
昭男,アキオ,あきお,男
昭雄,アキオ,あきお,男
時夫,トキオ,ときお,男
時子,トキコ,ときこ,女
時男,トキオ,ときお,男
時雄,トキオ,ときお,男
晃,アキラ,あきら,男
晃一,コウイチ,こういち,男
晃一朗,コウイチロウ,こういちろう,男
晃子,アキコ,あきこ,女
晃年,アキトシ,あきとし,男
晋,ススム,すすむ,男
景子,ケイコ,けいこ,女
晴,ハル,はる,女
晴久,ハルヒサ,はるひさ,男
晴夫,ハルオ,はるお,男
晴奈,ハルナ,はるな,女
晴子,ハルコ,はるこ,女
晴彦,ハルヒコ,はるひこ,男
晴美,ハルミ,はるみ,女
晴臣,ハルオミ,はるおみ,男
晴花,ハルカ,はるか,女
晴菜,ハルナ,はるな,女
晴雄,ハルオ,はるお,男
晴香,ハルカ,はるか,女
晶,アキラ,あきら,女
晶,アキラ,あきら,男
晶子,アキコ,あきこ,女
智,サトシ,さとし,男
智之,トモユキ,ともゆき,男
智也,トモヤ,ともや,男
智博,トモヒロ,ともひろ,男
智子,トモコ,ともこ,女
智恵,チエ,ちえ,女
智恵子,チエコ,ちえこ,女
智恵理,チエリ,ちえり,女
智美,サトミ,さとみ,女
暁子,アキコ,あきこ,女
暢興,ノブオキ,のぶおき,男
更紗,サラサ,さらさ,女
有希,ユキ,ゆき,女
有正,アリマサ,ありまさ,男
有沙,アリサ,ありさ,女
有紀,ユキ,ゆき,女
有紗,アリサ,ありさ,女
有美,ユミ,ゆみ,女
有里,ユリ,ゆり,女
有香,ユカ,ゆか,女
朋之,トモユキ,ともゆき,男
朋子,トモコ,ともこ,女
朋美,トモミ,ともみ,女
朋花,トモカ,ともか,女
朋香,トモカ,ともか,女
朗,アキラ,あきら,男
望,ノゾミ,のぞみ,女
望美,ノゾミ,のぞみ,女
朝子,トモコ,ともこ,女
未央,ミオ,みお,女
未来,ミライ,みらい,女
未羽,ミウ,みう,女
末治,スエジ,すえじ,男
末男,スエオ,すえお,男
朱莉,アカリ,あかり,女
朱里,アカリ,あかり,女
朱音,アカネ,あかね,女
杏,アン,あん,女
杏奈,アンナ,あんな,女
杏子,キョウコ,きょうこ,女
杏樹,アンジュ,あんじゅ,女
杏理,アンリ,あんり,女
杏菜,アンナ,あんな,女
杏里,アンリ,あんり,女
来実,クルミ,くるみ,女
来未,クルミ,くるみ,女
松太郎,マツタロウ,まつたろう,男
松夫,マツオ,まつお,男
松男,マツオ,まつお,男
松雄,マツオ,まつお,男
林檎,リンゴ,りんご,女
果凛,カリン,かりん,女
果歩,カホ,かほ,女
果穂,カホ,かほ,女
果音,カノン,かのん,女
柑奈,カンナ,かんな,女
柚,ユズ,ゆず,女
柚季,ユズキ,ゆずき,女
柚希,ユズキ,ゆずき,女
柚月,ユヅキ,ゆづき,女
柚花,ユズカ,ゆずか,女
柚葉,ユズハ,ゆずは,女
柚衣,ユイ,ゆい,女
柚香,ユズカ,ゆずか,女
栄一,エイイチ,えいいち,男
栄一郎,エイイチロウ,えいいちろう,男
栄三,エイゾウ,えいぞう,男
栄三郎,エイザブロウ,えいざぶろう,男
栄二,エイジ,えいじ,男
栄伸,ヨシノブ,よしのぶ,男
栄作,エイサク,えいさく,男
栄吉,エイキチ,えいきち,男
栄太郎,エイタロウ,えいたろう,男
栄子,エイコ,えいこ,女
栄次,エイジ,えいじ,男
栄次郎,エイジロウ,えいじろう,男
栄治,エイジ,えいじ,男
栄美,エミ,えみ,女
栄蔵,エイゾウ,えいぞう,男
栞,シオリ,しおり,女
栞奈,カンナ,かんな,女
栞菜,カンナ,かんな,女
桂子,ケイコ,けいこ,女
桃,モモ,もも,女
桃佳,モモカ,ももか,女
桃子,モモコ,ももこ,女
桃歌,モモカ,ももか,女
桃花,モモカ,ももか,女
桃華,モモカ,ももか,女
桃香,モモカ,ももか,女
桜,サクラ,さくら,女
桜子,サクラコ,さくらこ,女
桜花,オウカ,おうか,女
梅吉,ウメキチ,うめきち,男
梓,アズサ,あずさ,女
梢,コズエ,こずえ,女
梨乃,リノ,りの,女
梨加,リカ,りか,女
梨央,リオ,りお,女
梨子,リコ,りこ,女
梨沙,リサ,りさ,女
梨紗,リサ,りさ,女
梨緒,リオ,りお,女
梨花,リカ,りか,女
棟上,トウジョウ,とうじょう,女
椛,モミジ,もみじ,女
椿,ツバキ,つばき,女
楓,カエデ,かえで,女
楓花,フウカ,ふうか,女
楓華,フウカ,ふうか,女
楓香,フウカ,ふうか,女
樹,イツキ,いつき,女
樹里,ジュリ,じゅり,女
櫻,サクラ,さくら,女
次夫,ツギオ,つぎお,男
次男,ツギオ,つぎお,男
次郎,ジロウ,じろう,男
次雄,ツギオ,つぎお,男
欧子,ヒロコ,ひろこ,女
欽也,キンヤ,きんや,男
歌音,カノン,かのん,女
正,タダシ,ただし,男
正一,ショウイチ,しょういち,男
正一郎,ショウイチロウ,しょういちろう,男
正三,ショウゾウ,しょうぞう,男
正三郎,ショウザブロウ,しょうざぶろう,男
正之,マサユキ,まさゆき,男
正二,ショウジ,しょうじ,男
正人,マサト,まさと,男
正俊,マサトシ,まさとし,男
正信,マサノブ,まさのぶ,男
正元,マサヨシ,まさよし,男
正光,マサミツ,まさみつ,男
正利,マサトシ,まさとし,男
正則,マサノリ,まさのり,男
正勝,マサカツ,まさかつ,男
正博,マサヒロ,まさひろ,男
正司,マサシ,まさし,男
正吉,ショウキチ,しょうきち,男
正吾,ショウゴ,しょうご,男
正和,マサカズ,まさかず,男
正太郎,ショウタロウ,しょうたろう,男
正夫,マサオ,まさお,男
正好,マサヨシ,まさよし,男
正子,マサコ,まさこ,女
正孝,マサタカ,まさたか,男
正巳,マサミ,まさみ,女
正平,ショウヘイ,しょうへい,男
正幸,マサユキ,まさゆき,男
正広,マサヒロ,まさひろ,男
正康,マサヤス,まさやす,男
正弘,マサヒロ,まさひろ,男
正彦,マサヒコ,まさひこ,男
正徳,マサノリ,まさのり,男
正志,マサシ,まさし,男
正敏,マサトシ,まさとし,男
正文,マサフミ,まさふみ,男
正明,マサアキ,まさあき,男
正春,マサハル,まさはる,男
正昭,マサアキ,まさあき,男
正樹,マサキ,まさき,男
正次,ショウジ,しょうじ,男
正次郎,ショウジロウ,しょうじろう,男
正毅,マサキ,まさき,男
正治,ショウジ,しょうじ,男
正洋,マサヒロ,まさひろ,男
正浩,マサヒロ,まさひろ,男
正男,マサオ,まさお,男
正紀,マサキ,まさき,男
正美,マサミ,まさみ,女
正義,マサヨシ,まさよし,男
正行,マサユキ,まさゆき,男
正記,マサキ,まさき,男
正道,マサミチ,まさみち,男
正雄,マサオ,まさお,男
武,タケシ,たけし,男
武一,タケイチ,たけいち,男
武久,タケヒサ,たけひさ,男
武信,タケノブ,たけのぶ,男
武史,タケシ,たけし,男
武司,タケシ,たけし,男
武夫,タケオ,たけお,男
武彦,タケヒコ,たけひこ,男
武志,タケシ,たけし,男
武治,タケジ,たけじ,男
武男,タケオ,たけお,男
武秀,タケヒデ,たけひで,男
武英,タケヒデ,たけひで,男
武裕,タケヒロ,たけひろ,男
武雄,タケオ,たけお,男
歩,アユミ,あゆみ,女
歩実,アユミ,あゆみ,女
歩美,アユミ,あゆみ,女
毅,タケシ,たけし,男
毅雄,タケオ,たけお,男
比呂,ヒロ,ひろ,男
比呂美,ヒロミ,ひろみ,女
比奈,ヒナ,ひな,女
民男,タミオ,たみお,男
民雄,タミオ,たみお,男
永二,エイジ,えいじ,男
汎平,ハンペイ,はんぺい,男
汐里,シオリ,しおり,女
江介,コウスケ,こうすけ,男
江民,エミ,えみ,女
沙也佳,サヤカ,さやか,女
沙也加,サヤカ,さやか,女
沙也香,サヤカ,さやか,女
沙和,サワ,さわ,女
沙奈,サナ,さな,女
沙希,サキ,さき,女
沙弥,サヤ,さや,女
沙彩,サアヤ,さあや,女
沙樹,サキ,さき,女
沙紀,サキ,さき,女
沙織,サオリ,さおり,女
沙羅,サラ,さら,女
沙耶,サヤ,さや,女
沙耶香,サヤカ,さやか,女
沙良,サラ,さら,女
沙菜,サナ,さな,女
治,オサム,おさむ,男
治之,ハルユキ,はるゆき,男
治夫,ハルオ,はるお,男
治彦,ハルヒコ,はるひこ,男
治志,ハルシ,はるし,男
治男,ハルオ,はるお,男
治虫,オサム,おさむ,男
治郎,ジロウ,じろう,男
治雄,ハルオ,はるお,男
泉,イズミ,いずみ,女
法子,ノリコ,のりこ,女
泰,ヤスシ,やすし,男
泰三,タイゾウ,たいぞう,男
泰介,タイスケ,たいすけ,男
泰佑,タイスケ,たいすけ,男
泰史,ヤスフミ,やすふみ,男
泰夫,ヤスオ,やすお,男
泰子,ヤスコ,やすこ,女
泰弘,ヤスヒロ,やすひろ,男
泰彦,ヤスヒコ,やすひこ,男
泰憲,ヤスノリ,やすのり,男
泰次,タイジ,たいじ,男
泰男,ヤスオ,やすお,男
泰雄,ヤスオ,やすお,男
洋,ヒロシ,ひろし,男
洋一,ヨウイチ,よういち,男
洋一郎,ヨウイチロウ,よういちろう,男
洋二,ヨウジ,ようじ,男
洋司,ヨウジ,ようじ,男
洋子,ヨウコ,ようこ,女
洋平,ヨウヘイ,ようへい,男
洋文,ヒロフミ,ひろふみ,男
洋晶,ヒロアキ,ひろあき,男
洋次,ヨウジ,ようじ,男
浩,ヒロシ,ひろし,男
浩一,コウイチ,こういち,男
浩之,ヒロユキ,ひろゆき,男
浩二,コウジ,こうじ,男
浩俊,ヒロトシ,ひろとし,男
浩司,コウジ,こうじ,男
浩子,ヒロコ,ひろこ,女
浩寿,ヒロヒサ,ひろひさ,男
浩幸,ヒロユキ,ひろゆき,男
浩志,コウジ,こうじ,男
浩次,コウジ,こうじ,男
浩秋,ヒロアキ,ひろあき,男
浩重,ヒロシゲ,ひろしげ,男
海斗,カイト,かいと,男
涼,リョウ,りょう,女
涼太,リョウタ,りょうた,男
涼子,リョウコ,りょうこ,女
涼花,スズカ,すずか,女
涼音,スズネ,すずね,女
涼香,スズカ,すずか,女
淑子,トシコ,としこ,女
深雪,ミユキ,みゆき,女
淳,アツシ,あつし,男
淳一,ジュンイチ,じゅんいち,男
淳三,ジュンゾウ,じゅんぞう,男
淳子,ジュンコ,じゅんこ,女
清,キヨシ,きよし,男
清一,セイイチ,せいいち,男
清一郎,セイイチロウ,せいいちろう,男
清三,セイゾウ,せいぞう,男
清三郎,セイザブロウ,せいざぶろう,男
清二,セイジ,せいじ,男
清人,キヨト,きよと,男
清作,セイサク,せいさく,男
清佳,サヤカ,さやか,女
清信,キヨノブ,きよのぶ,男
清助,セイスケ,せいすけ,男
清司,キヨシ,きよし,男
清吉,セイキチ,せいきち,男
清吾,セイゴ,せいご,男
清太郎,セイタロウ,せいたろう,男
清子,キヨコ,きよこ,女
清志,キヨシ,きよし,男
清次,セイジ,せいじ,男
清次郎,セイジロウ,せいじろう,男
清治,セイジ,せいじ,男
清美,キヨミ,きよみ,女
清花,サヤカ,さやか,女
清茂,キヨシ,きよし,男
清蔵,セイゾウ,せいぞう,男
清隆,キヨタカ,きよたか,男
清香,サヤカ,さやか,女
渉,ワタル,わたる,男
渚,ナギサ,なぎさ,女
満,ミツル,みつる,男
満喜子,マキコ,まきこ,女
満夫,ミツオ,みつお,男
満里奈,マリナ,まりな,女
満雄,ミツオ,みつお,男
源治,ゲンジ,げんじ,男
滉二,コウジ,こうじ,男
滋,シゲル,しげる,男
潔,キヨシ,きよし,男
潤,ジュン,じゅん,男
澄子,スミコ,すみこ,女
澄江,スミエ,すみえ,女
澪,ミオ,みお,女
灯,アカリ,あかり,女
照,テル,てる,女
照夫,テルオ,てるお,男
照子,テルコ,てるこ,女
照男,テルオ,てるお,男
照美,テルミ,てるみ,女
照雄,テルオ,てるお,男
猛,タケシ,たけし,男
玲,レイ,れい,女
玲二,レイジ,れいじ,男
玲奈,レイナ,れいな,女
玲子,レイコ,れいこ,女
玲菜,レナ,れな,女
珠希,タマキ,たまき,女
珠美,タマミ,たまみ,女
理,サトル,さとる,男
理央,リオ,りお,女
理子,リコ,りこ,女
理恵,リエ,りえ,女
理恵子,リエコ,りえこ,女
理桜,リオ,りお,女
理歩,リホ,りほ,女
理沙,リサ,りさ,女
理津子,リツコ,りつこ,女
理穂,リホ,りほ,女
理紗,リサ,りさ,女
理絵,リエ,りえ,女
理緒,リオ,りお,女
理香,リカ,りか,女
琉奈,ルナ,るな,女
琉菜,ルナ,るな,女
琉那,ルナ,るな,女
琴,コト,こと,女
琴乃,コトノ,ことの,女
琴子,コトコ,ことこ,女
琴美,コトミ,ことみ,女
琴羽,コトハ,ことは,女
琴葉,コトハ,ことは,女
琴音,コトネ,ことね,女
瑞姫,ミズキ,みずき,女
瑞季,ミズキ,みずき,女
瑞希,ミズキ,みずき,女
瑞樹,ミズキ,みずき,女
瑞稀,ミズキ,みずき,女
瑞穂,ミズホ,みずほ,女
瑞紀,ミズキ,みずき,女
瑞貴,ミズキ,みずき,女
瑠奈,ルナ,るな,女
瑠璃,ルリ,るり,女
瑠美,ルミ,るみ,女
瑠花,ルカ,るか,女
瑠菜,ルナ,るな,女
瑠衣,ルイ,るい,女
璃乃,リノ,りの,女
璃奈,リナ,りな,女
璃子,リコ,りこ,女
璃音,リオン,りおん,女
環,タマキ,たまき,女
甫,ハジメ,はじめ,男
由佳,ユカ,ゆか,女
由佳利,ユカリ,ゆかり,女
由依,ユイ,ゆい,女
由利子,ユリコ,ゆりこ,女
由太郎,ヨシタロウ,よしたろう,男
由夫,ヨシオ,よしお,男
由奈,ユナ,ゆな,女
由姫,ユキ,ゆき,女
由子,ユウコ,ゆうこ,女
由実,ユミ,ゆみ,女
由希子,ユキコ,ゆきこ,女
由梨,ユリ,ゆり,女
由真,ユマ,ゆま,女
由紀,ユキ,ゆき,女
由紀子,ユキコ,ゆきこ,女
由紀江,ユキエ,ゆきえ,女
由美,ユミ,ゆみ,女
由美子,ユミコ,ゆみこ,女
由良,ユラ,ゆら,女
由菜,ユナ,ゆな,女
由衣,ユイ,ゆい,女
由貴,ユキ,ゆき,女
由起夫,ユキオ,ゆきお,男
由里子,ユリコ,ゆりこ,女
由香,ユカ,ゆか,女
由香里,ユカリ,ゆかり,女
留吉,トメキチ,とめきち,男
留子,トメコ,とめこ,女
留美,ルミ,るみ,女
留美子,ルミコ,るみこ,女
登,ノボル,のぼる,男
登美子,トミコ,とみこ,女
百合,ユリ,ゆり,女
百合子,ユリコ,ゆりこ,女
百恵,モモエ,ももえ,女
百花,モモカ,ももか,女
百華,モモカ,ももか,女
百香,モモカ,ももか,女
盛夫,モリオ,もりお,男
盛雄,モリオ,もりお,男
直,タダシ,ただし,男
直也,ナオヤ,なおや,男
直人,ナオト,なおと,男
直吉,ナオキチ,なおきち,男
直子,ナオコ,なおこ,女
直樹,ナオキ,なおき,男
直治,ナオジ,なおじ,男
直美,ナオミ,なおみ,女
直義,ナオヨシ,なおよし,男
直行,ナオユキ,なおゆき,男
直道,タダミチ,ただみち,男
省三,ショウゾウ,しょうぞう,男
省吾,ショウゴ,しょうご,男
眞,マコト,まこと,男
眞子,マコ,まこ,女
眞幸,マサキ,まさき,男
真,マコト,まこと,男
真一,シンイチ,しんいち,男
真人,マサト,まさと,男
真依,マイ,まい,女
真優,マユ,まゆ,女
真凛,マリン,まりん,女
真司,シンジ,しんじ,男
真吉,シンキチ,しんきち,男
真哉,シンヤ,しんや,男
真央,マオ,まお,女
真奈,マナ,まな,女
真奈美,マナミ,まなみ,女
真子,マコ,まこ,女
真実,マミ,まみ,女
真尋,マヒロ,まひろ,女
真帆,マホ,まほ,女
真希,マキ,まき,女
真幸,マサキ,まさき,男
真弓,マユミ,まゆみ,女
真悠,マユ,まゆ,女
真桜,マオ,まお,女
真樹,マキ,まき,女
真歩,マホ,まほ,女
真治,シンジ,しんじ,男
真澄,マスミ,ますみ,女
真理,マリ,まり,女
真理子,マリコ,まりこ,女
真理雄,マリオ,まりお,男
真琴,マコト,まこと,女
真生,マオ,まお,女
真由,マユ,まゆ,女
真由子,マユコ,まゆこ,女
真由美,マユミ,まゆみ,女
真穂,マホ,まほ,女
真紀,マキ,まき,女
真紀子,マキコ,まきこ,女
真紗子,マサコ,まさこ,女
真結,マユ,まゆ,女
真緒,マオ,まお,女
真美,マミ,まみ,女
真菜,マナ,まな,女
真衣,マイ,まい,女
真里,マリ,まり,女
睦,ムツミ,むつみ,女
睦夫,ムツオ,むつお,男
睦美,ムツミ,むつみ,女
瞳,ヒトミ,ひとみ,女
知世,トモヨ,ともよ,女
知代,トモヨ,ともよ,女
知佳,チカ,ちか,女
知子,トモコ,ともこ,女
知治,トモハル,ともはる,男
知美,トモミ,ともみ,女
知里,チサト,ちさと,女
矩之,ノリユキ,のりゆき,男
砂登子,サトコ,さとこ,女
研一,ケンイチ,けんいち,男
研治,ケンジ,けんじ,男
碧,ミドリ,みどり,女
碧依,アオイ,あおい,女
碧衣,アオイ,あおい,女
礼子,レイコ,れいこ,女
祐一,ユウイチ,ゆういち,男
祐一郎,ユウイチロウ,ゆういちろう,男
祐二,ユウジ,ゆうじ,男
祐介,ユウスケ,ゆうすけ,男
祐司,ユウジ,ゆうじ,男
祐奈,ユウナ,ゆうな,女
祐子,ユウコ,ゆうこ,女
祐希,ユウキ,ゆうき,女
祐昭,ヒロアキ,ひろあき,男
祥子,ショウコ,しょうこ,女
祥治,ショウジ,しょうじ,男
禎,タダシ,ただし,男
福太郎,フクタロウ,ふくたろう,男
秀,ヒデ,ひで,男
秀一,シュウイチ,しゅういち,男
秀之,ヒデユキ,ひでゆき,男
秀光,ヒデミツ,ひでみつ,男
秀加,ヒデカ,ひでか,女
秀吉,ヒデキチ,ひできち,男
秀夫,ヒデオ,ひでお,男
秀子,ヒデコ,ひでこ,女
秀実,ヒデミ,ひでみ,男
秀幸,ヒデユキ,ひでゆき,男
秀明,ヒデアキ,ひであき,男
秀樹,ヒデキ,ひでき,男
秀男,ヒデオ,ひでお,男
秀雄,ヒデオ,ひでお,男
秋友,アキトモ,あきとも,男
秋夫,アキオ,あきお,男
秋男,アキオ,あきお,男
秋雄,アキオ,あきお,男
稔,ミノル,みのる,男
稟,リン,りん,女
穂乃佳,ホノカ,ほのか,女
穂乃花,ホノカ,ほのか,女
穂乃香,ホノカ,ほのか,女
穂花,ホノカ,ほのか,女
穂香,ホノカ,ほのか,女
穰,ユタカ,ゆたか,男
空,ソラ,そら,女
立哉,タツヤ,たつや,男
竜,リュウ,りゅう,男
竜一,リュウイチ,りゅういち,男
竜三,リュウゾウ,りゅうぞう,男
竜也,タツヤ,たつや,男
竜太,リュウタ,りゅうた,男
竜夫,タツオ,たつお,男
竜雄,タツオ,たつお,男
章,アキラ,あきら,男
章一,ショウイチ,しょういち,男
章二,ショウジ,しょうじ,男
章司,ショウジ,しょうじ,男
章夫,アキオ,あきお,男
章子,アキコ,あきこ,女
章平,ショウヘイ,しょうへい,男
章治郎,ショウジロウ,しょうじろう,男
竹志,タケシ,たけし,男
竹次郎,タケジロウ,たけじろう,男
竹男,タケオ,たけお,男
竹雄,タケオ,たけお,男
等,ヒトシ,ひとし,男
節夫,セツオ,せつお,男
節子,セツコ,せつこ,女
節男,セツオ,せつお,男
範久,ノリヒサ,のりひさ,男
範明,ノリアキ,のりあき,男
篤,アツシ,あつし,男
篤彦,アツヒコ,あつひこ,男
米吉,ヨネキチ,よねきち,男
米子,ヨネコ,よねこ,女
精一,セイイチ,せいいち,男
紀之,ノリユキ,のりゆき,男
紀夫,ノリオ,のりお,男
紀子,ノリコ,のりこ,女
紀幸,ノリユキ,のりゆき,男
紀男,ノリオ,のりお,男
紅葉,クレハ,くれは,女
純,ジュン,じゅん,女
純,ジュン,じゅん,男
純一,ジュンイチ,じゅんいち,男
純子,ジュンコ,じゅんこ,女
紗和,サワ,さわ,女
紗季,サキ,さき,女
紗希,サキ,さき,女
紗弥,サヤ,さや,女
紗彩,サアヤ,さあや,女
紗矢,サヤ,さや,女
紗羅,サラ,さら,女
紗羽,サワ,さわ,女
紗耶,サヤ,さや,女
紗良,サラ,さら,女
紗英,サエ,さえ,女
紗菜,サナ,さな,女
紗那,サナ,さな,女
素子,モトコ,もとこ,女
紫,ユカリ,ゆかり,女
紫乃,シノ,しの,女
紫苑,シオン,しおん,女
紫音,シオン,しおん,女
紬,ツムギ,つむぎ,女
紳悟,シンゴ,しんご,男
結,ユイ,ゆい,女
結依,ユイ,ゆい,女
結奈,ユウナ,ゆうな,女
結子,ユイコ,ゆいこ,女
結愛,ユア,ゆあ,女
結月,ユヅキ,ゆづき,女
結羽,ユウ,ゆう,女
結花,ユイカ,ゆいか,女
結芽,ユメ,ゆめ,女
結菜,ユイナ,ゆいな,女
結衣,ユイ,ゆい,女
結香,ユイカ,ゆいか,女
絢,アヤ,あや,女
絢乃,アヤノ,あやの,女
絢子,アヤコ,あやこ,女
絢菜,アヤナ,あやな,女
絢音,アヤネ,あやね,女
絢香,アヤカ,あやか,女
絵理,エリ,えり,女
絵美,エミ,えみ,女
絵里,エリ,えり,女
綾,アヤ,あや,女
綾乃,アヤノ,あやの,女
綾奈,アヤナ,あやな,女
綾子,アヤコ,あやこ,女
綾花,アヤカ,あやか,女
綾菜,アヤナ,あやな,女
綾華,アヤカ,あやか,女
綾音,アヤネ,あやね,女
綾香,アヤカ,あやか,女
総一朗,ソウイチロウ,そういちろう,男
緑,ミドリ,みどり,女
繁,シゲル,しげる,男
繁夫,シゲオ,しげお,男
繁男,シゲオ,しげお,男
繁雄,シゲオ,しげお,男
美久,ミク,みく,女
美也子,ミヤコ,みやこ,女
美代,ミヨ,みよ,女
美代子,ミヨコ,みよこ,女
美佐子,ミサコ,みさこ,女
美佳,ミカ,みか,女
美保,ミホ,みほ,女
美優,ミユウ,みゆう,女
美千代,ミチヨ,みちよ,女
美千子,ミチコ,みちこ,女
美南,ミナミ,みなみ,女
美博,ヨシヒロ,よしひろ,男
美名子,ミナコ,みなこ,女
美和,ミワ,みわ,女
美和子,ミワコ,みわこ,女
美咲,ミサキ,みさき,女
美央,ミオ,みお,女
美奈,ミナ,みな,女
美奈代,ミナヨ,みなよ,女
美奈子,ミナコ,みなこ,女
美奈江,ミナエ,みなえ,女
美姫,ミキ,みき,女
美子,ヨシコ,よしこ,女
美帆,ミホ,みほ,女
美希,ミキ,みき,女
美幸,ミユキ,みゆき,女
美怜,ミレイ,みれい,女
美恵子,ミエコ,みえこ,女
美愛,ミア,みあ,女
美明,ヨシアキ,よしあき,男
美春,ミハル,みはる,女
美晴,ミハル,みはる,女
美智代,ミチヨ,みちよ,女
美智子,ミチコ,みちこ,女
美月,ミヅキ,みづき,女
美来,ミク,みく,女
美枝子,ミエコ,みえこ,女
美桜,ミオ,みお,女
美樹,ミキ,みき,女
美樹子,ミキコ,みきこ,女
美沙,ミサ,みさ,女
美波,ミナミ,みなみ,女
美津子,ミツコ,みつこ,女
美海,ミウ,みう,女
美涼,ミスズ,みすず,女
美玖,ミク,みく,女
美玲,ミレイ,みれい,女
美琴,ミコト,みこと,女
美由紀,ミユキ,みゆき,女
美穂,ミホ,みほ,女
美穂子,ミホコ,みほこ,女
美空,ミク,みく,女
美紀,ミキ,みき,女
美紀子,ミキコ,みきこ,女
美紅,ミク,みく,女
美紗,ミサ,みさ,女
美結,ミユ,みゆ,女
美緒,ミオ,みお,女
美羽,ミウ,みう,女
美菜,ミナ,みな,女
美貴,ミキ,みき,女
美貴子,ミキコ,みきこ,女
美里,ミサト,みさと,女
美鈴,ミスズ,みすず,女
美雨,ミウ,みう,女
美雪,ミユキ,みゆき,女
美音,ミオ,みお,女
美香,ミカ,みか,女
義一,ギイチ,ぎいち,男
義一,ヨシイチ,よしいち,男
義久,ヨシヒサ,よしひさ,男
義之,ヨシユキ,よしゆき,男
義人,ヨシト,よしと,男
義信,ヨシノブ,よしのぶ,男
義光,ヨシミツ,よしみつ,男
義則,ヨシノリ,よしのり,男
義勝,ヨシカツ,よしかつ,男
義和,ヨシカズ,よしかず,男
義哉,ヨシヤ,よしや,男
義夫,ヨシオ,よしお,男
義孝,ヨシタカ,よしたか,男
義弘,ヨシヒロ,よしひろ,男
義彦,ヨシヒコ,よしひこ,男
義明,ヨシアキ,よしあき,男
義昭,ヨシアキ,よしあき,男
義治,ヨシハル,よしはる,男
義男,ヨシオ,よしお,男
義美,ヨシミ,よしみ,女
義行,ヨシユキ,よしゆき,男
義郎,ヨシロウ,よしろう,男
義隆,ヨシタカ,よしたか,男
義雄,ヨシオ,よしお,男
羽奈,ハナ,はな,女
羽菜,ハナ,はな,女
翔,ショウ,しょう,男
翔太,ショウタ,しょうた,男
翔子,ショウコ,しょうこ,女
翔平,ショウヘイ,しょうへい,男
翠,ミドリ,みどり,女
翼,ツバサ,つばさ,男
耕一,コウイチ,こういち,男
耕平,コウヘイ,こうへい,男
耕筰,コウサク,こうさく,男
聖,ヒジリ,ひじり,女
聖子,セイコ,せいこ,女
聡,サトシ,さとし,男
聡子,サトコ,さとこ,女
聡美,サトミ,さとみ,女
肇,ハジメ,はじめ,男
育男,イクオ,いくお,男
胡春,コハル,こはる,女
胡桃,クルミ,くるみ,女
舞,マイ,まい,女
舞子,マイコ,まいこ,女
舞桜,マオ,まお,女
舞花,マイカ,まいか,女
舞衣,マイ,まい,女
舞香,マイカ,まいか,女
良一,リョウイチ,りょういち,男
良三,リョウゾウ,りょうぞう,男
良之,ヨシユキ,よしゆき,男
良二,リョウジ,りょうじ,男
良吉,リョウキチ,りょうきち,男
良和,ヨシカズ,よしかず,男
良太,リョウタ,りょうた,男
良夫,ヨシオ,よしお,男
良子,ヨシコ,よしこ,女
良平,リョウヘイ,りょうへい,男
良彦,ヨシヒコ,よしひこ,男
良明,ヨシアキ,よしあき,男
良昭,ヨシアキ,よしあき,男
良治,ヨシジ,よしじ,男
良男,ヨシオ,よしお,男
良雄,ヨシオ,よしお,男
花,ハナ,はな,女
花凛,カリン,かりん,女
花奈,ハナ,はな,女
花子,ハナコ,はなこ,女
花帆,カホ,かほ,女
花恋,カレン,かれん,女
花梨,カリン,かりん,女
花楓,カエデ,かえで,女
花歩,カホ,かほ,女
花穂,カホ,かほ,女
花菜,ハナ,はな,女
花蓮,カレン,かれん,女
花鈴,カリン,かりん,女
花音,カノン,かのん,女
芳久,ヨシヒサ,よしひさ,男
芳人,ヨシヒト,よしひと,男
芳太郎,ヨシタロウ,よしたろう,男
芳夫,ヨシオ,よしお,男
芳子,ヨシコ,よしこ,女
芳彦,ヨシヒコ,よしひこ,男
芳明,ヨシアキ,よしあき,男
芳樹,ヨシキ,よしき,男
芳男,ヨシオ,よしお,男
芳美,ヨシミ,よしみ,女
芳郎,ヨシロウ,よしろう,男
芳雄,ヨシオ,よしお,男
芽依,メイ,めい,女
芽生,メイ,めい,女
芽衣,メイ,めい,女
若奈,ワカナ,わかな,女
若菜,ワカナ,わかな,女
若葉,ワカバ,わかば,女
英一,エイイチ,えいいち,男
英三,エイゾウ,えいぞう,男
英世,ヒデヨ,ひでよ,男
英之,ヒデユキ,ひでゆき,男
英二,エイジ,えいじ,男
英人,ヒデト,ひでと,男
英俊,ヒデトシ,ひでとし,男
英光,ヒデミツ,ひでみつ,男
英司,エイジ,えいじ,男
英夫,ヒデオ,ひでお,男
英子,エイコ,えいこ,女
英実,ヒデミ,ひでみ,男
英彦,ヒデヒコ,ひでひこ,男
英明,ヒデアキ,ひであき,男
英晴,ヒデハル,ひではる,男
英樹,ヒデキ,ひでき,男
英次,エイジ,えいじ,男
英治,エイジ,えいじ,男
英男,ヒデオ,ひでお,男
英紀,ヒデノリ,ひでのり,男
英雄,ヒデオ,ひでお,男
茂,シゲル,しげる,男
茂夫,シゲオ,しげお,男
茂子,シゲコ,しげこ,女
茂志,シゲシ,しげし,男
茂樹,シゲキ,しげき,男
茂男,シゲオ,しげお,男
茂行,シゲユキ,しげゆき,男
茂雄,シゲオ,しげお,男
茉央,マオ,まお,女
茉奈,マナ,まな,女
茉莉,マリ,まり,女
茜,アカネ,あかね,女
莉乃,リノ,りの,女
莉央,リオ,りお,女
莉奈,リナ,りな,女
莉子,リコ,りこ,女
莉桜,リオ,りお,女
莉歩,リホ,りほ,女
莉沙,リサ,りさ,女
莉穂,リホ,りほ,女
莉紗,リサ,りさ,女
莉緒,リオ,りお,女
莉菜,リナ,りな,女
莉那,リナ,りな,女
莉音,リオン,りおん,女
菊男,キクオ,きくお,男
菜々,ナナ,なな,女
菜々子,ナナコ,ななこ,女
菜々実,ナナミ,ななみ,女
菜々美,ナナミ,ななみ,女
菜央,ナオ,なお,女
菜奈,ナナ,なな,女
菜帆,ナホ,なほ,女
菜摘,ナツミ,なつみ,女
菜月,ナヅキ,なづき,女
菜穂,ナホ,なほ,女
菜緒,ナオ,なお,女
菜那,ナナ,なな,女
菫,スミレ,すみれ,女
華,ハナ,はな,女
華乃,カノ,かの,女
華凛,カリン,かりん,女
華子,ハナコ,はなこ,女
華絵,カエ,かえ,女
華蓮,カレン,かれん,女
華音,カノン,かのん,女
萌,モエ,もえ,女
萌子,モエコ,もえこ,女
萌恵,モエ,もえ,女
萌花,モエカ,もえか,女
萌衣,メイ,めい,女
萌香,モエカ,もえか,女
葉奈,ハナ,はな,女
葉子,ヨウコ,ようこ,女
葉月,ハヅキ,はづき,女
葉菜,ハナ,はな,女
葵,アオイ,あおい,女
葵依,アオイ,あおい,女
葵衣,アオイ,あおい,女
蒼,アオイ,あおい,女
蒼依,アオイ,あおい,女
蒼衣,アオイ,あおい,女
蓮,レン,れん,女
蓮,レン,れん,男
薫,カオル,かおる,女
薫,カオル,かおる,男
薫理,カオリ,かおり,女
藍,アイ,あい,女
藍子,アイコ,あいこ,女
藤子,フジコ,ふじこ,女
藤雄,フジオ,ふじお,男
蘭,ラン,らん,女
虎雄,トラオ,とらお,男
行夫,ユキオ,ゆきお,男
行雄,ユキオ,ゆきお,男
衛,マモル,まもる,男
裕,ヒロ,ひろ,男
裕,ヒロシ,ひろし,男
裕,ユウ,ゆう,男
裕一,ユウイチ,ゆういち,男
裕久,ヒロヒサ,ひろひさ,男
裕之,ヒロユキ,ひろゆき,男
裕二,ユウジ,ゆうじ,男
裕人,ヒロト,ひろと,男
裕仁,ヒロヒト,ひろひと,男
裕信,ヒロノブ,ひろのぶ,男
裕史,ヒロシ,ひろし,男
裕司,ユウジ,ゆうじ,男
裕子,ヒロコ,ひろこ,女
裕平,ユウヘイ,ゆうへい,男
裕次郎,ユウジロウ,ゆうじろう,男
裕治,ユウジ,ゆうじ,男
裕紀,ユキ,ゆき,女
裕美,ヒロミ,ひろみ,女
裕美子,ユミコ,ゆみこ,女
要一,ヨウイチ,よういち,男
覚,サトシ,さとし,男
詠一,エイイチ,えいいち,男
詩,ウタ,うた,女
詩乃,シノ,しの,女
詩織,シオリ,しおり,女
詩音,シオン,しおん,女
誓三,セイゾウ,せいぞう,男
誠,マコト,まこと,男
誠一,セイイチ,せいいち,男
誠一郎,セイイチロウ,せいいちろう,男
誠之,マサユキ,まさゆき,男
誠二,セイジ,せいじ,男
誠司,セイジ,せいじ,男
誠子,マサコ,まさこ,女
誠治,セイジ,せいじ,男
諭,サトシ,さとし,男
謙一,ケンイチ,けんいち,男
謙三,ケンゾウ,けんぞう,男
謙二,ケンジ,けんじ,男
謙多郎,ケンタロウ,けんたろう,男
謙治,ケンジ,けんじ,男
講一,コウイチ,こういち,男
譲,ユズル,ゆずる,男
豊,ユタカ,ゆたか,男
豊作,トヨサク,とよさく,男
豊吉,トヨキチ,とよきち,男
豊和,トヨカズ,とよかず,男
豊子,トヨコ,とよこ,女
豊明,トヨアキ,とよあき,男
豊樹,トヨキ,とよき,男
豊治,トヨジ,とよじ,男
貞,サダ,さだ,女
貞,タダシ,ただし,男
貞一,テイイチ,ていいち,男
貞二,テイジ,ていじ,男
貞夫,サダオ,さだお,男
貞子,サダコ,さだこ,女
貞次,テイジ,ていじ,男
貞治,テイジ,ていじ,男
貞男,サダオ,さだお,男
貞行,サダユキ,さだゆき,男
貞雄,サダオ,さだお,男
貢,ミツグ,みつぐ,男
貫一,カンイチ,かんいち,男
貴史,タカシ,たかし,男
貴士,タカシ,たかし,男
貴子,タカコ,たかこ,女
貴文,タカフミ,たかふみ,男
貴美,キミ,きみ,女
貴英,タカヒデ,たかひで,男
賢,ケン,けん,男
賢一,ケンイチ,けんいち,男
賢三,ケンゾウ,けんぞう,男
賢二,ケンジ,けんじ,男
賢司,ケンジ,けんじ,男
賢明,タテアキ,たてあき,男
賢次,ケンジ,けんじ,男
賢治,ケンジ,けんじ,男
輝,ヒカル,ひかる,男
輝夫,テルオ,てるお,男
輝子,テルコ,てるこ,女
輝男,テルオ,てるお,男
輝雄,テルオ,てるお,男
辰也,タツヤ,たつや,男
辰二,タツジ,たつじ,男
辰夫,タツオ,たつお,男
辰男,タツオ,たつお,男
辰雄,タツオ,たつお,男
通夫,ミチオ,みちお,男
進,ススム,すすむ,男
進一,シンイチ,しんいち,男
進也,シンヤ,しんや,男
道世,ミチヨ,みちよ,女
道夫,ミチオ,みちお,男
道子,ミチコ,みちこ,女
道春,ミチハル,みちはる,男
道男,ミチオ,みちお,男
道雄,ミチオ,みちお,男
達,トオル,とおる,男
達也,タツヤ,たつや,男
達夫,タツオ,たつお,男
達徳,タツノリ,たつのり,男
達志,タツシ,たつし,男
達男,タツオ,たつお,男
達行,タツユキ,たつゆき,男
達郎,タツロウ,たつろう,男
達雄,タツオ,たつお,男
遙,ハルカ,はるか,女
遙香,ハルカ,はるか,女
遥,ハルカ,はるか,女
遥佳,ハルカ,はるか,女
遥奈,ハルナ,はるな,女
遥花,ハルカ,はるか,女
遥菜,ハルナ,はるな,女
遥華,ハルカ,はるか,女
遥香,ハルカ,はるか,女
遼,ハルカ,はるか,女
邦久,クニヒサ,くにひさ,男
邦仁,クニヒト,くにひと,男
邦夫,クニオ,くにお,男
邦子,クニコ,くにこ,女
邦彦,クニヒコ,くにひこ,男
邦男,クニオ,くにお,男
邦雄,クニオ,くにお,男
郁代,イクヨ,いくよ,女
郁夫,イクオ,いくお,男
郁子,イクコ,いくこ,女
郁美,イクミ,いくみ,女
都,ミヤコ,みやこ,女
里佳,リカ,りか,女
里咲,リサ,りさ,女
里奈,リナ,りな,女
里桜,リオ,りお,女
里歌,リカ,りか,女
里歩,リホ,りほ,女
里沙,リサ,りさ,女
里穂,リホ,りほ,女
里紗,リサ,りさ,女
里緒,リオ,りお,女
里美,サトミ,さとみ,女
里菜,リナ,りな,女
里香,リカ,りか,女
重一,シゲカズ,しげかず,男
重信,シゲノブ,しげのぶ,男
重光,シゲミツ,しげみつ,男
重吉,ジュウキチ,じゅうきち,男
重夫,シゲオ,しげお,男
重彦,シゲヒコ,しげひこ,男
重樹,シゲキ,しげき,男
重治,シゲハル,しげはる,男
重男,シゲオ,しげお,男
重義,シゲヨシ,しげよし,男
重行,シゲユキ,しげゆき,男
重雄,シゲオ,しげお,男
野乃花,ノノカ,ののか,女
量子,カズコ,かずこ,女
金一,キンイチ,きんいち,男
金之助,キンノスケ,きんのすけ,男
金作,キンサク,きんさく,男
金吾,キンゴ,きんご,男
金太郎,キンタロウ,きんたろう,男
金弥,キンヤ,きんや,男
金次,キンジ,きんじ,男
金次郎,キンジロウ,きんじろう,男
金治,キンジ,きんじ,男
金蔵,キンゾウ,きんぞう,男
金造,キンゾウ,きんぞう,男
鈴,リン,りん,女
鈴子,スズコ,すずこ,女
鈴音,スズネ,すずね,女
鉄太郎,テツタロウ,てつたろう,男
鉄夫,テツオ,てつお,男
鉄男,テツオ,てつお,男
鉄雄,テツオ,てつお,男
銀蔵,ギンゾウ,ぎんぞう,男
鑑,アキラ,あきら,男
長吉,チョウキチ,ちょうきち,男
長太郎,チョウタロウ,ちょうたろう,男
長平,チョウヘイ,ちょうへい,男
長次郎,チョウジロウ,ちょうじろう,男
長治,チョウジ,ちょうじ,男
長蔵,チョウゾウ,ちょうぞう,男
陳雄,ノブオ,のぶお,男
陸,リク,りく,男
陽一,ヨウイチ,よういち,男
陽一郎,ヨウイチロウ,よういちろう,男
陽保,ハルヤス,はるやす,男
陽向,ヒナタ,ひなた,女
陽和,ヒヨリ,ひより,女
陽奈,ヒナ,ひな,女
陽子,ヨウコ,ようこ,女
陽治,ヨウジ,ようじ,男
陽花,ハルカ,はるか,女
陽菜,ハルナ,はるな,女
陽菜乃,ヒナノ,ひなの,女
陽菜子,ヒナコ,ひなこ,女
陽華,ハルカ,はるか,女
陽香,ハルカ,はるか,女
隆,タカシ,たかし,男
隆一,リュウイチ,りゅういち,男
隆三,リュウゾウ,りゅうぞう,男
隆之,タカユキ,たかゆき,男
隆二,リュウジ,りゅうじ,男
隆介,リュウスケ,りゅうすけ,男
隆則,タカノリ,たかのり,男
隆史,タカシ,たかし,男
隆司,タカシ,たかし,男
隆吾,リュウゴ,りゅうご,男
隆夫,タカオ,たかお,男
隆志,タカシ,たかし,男
隆文,タカフミ,たかふみ,男
隆明,タカアキ,たかあき,男
隆男,タカオ,たかお,男
隆雄,タカオ,たかお,男
隼人,ハヤト,はやと,男
雄一,ユウイチ,ゆういち,男
雄三,ユウゾウ,ゆうぞう,男
雄也,ユウヤ,ゆうや,男
雄二,ユウジ,ゆうじ,男
雄二郎,ユウジロウ,ゆうじろう,男
雄大,ユダイ,ゆだい,男
雄太,ユウタ,ゆうた,男
雅,ミヤビ,みやび,女
雅之,マサユキ,まさゆき,男
雅也,マサヤ,まさや,男
雅人,マサト,まさと,男
雅俊,マサトシ,まさとし,男
雅保,マサヤス,まさやす,男
雅信,マサノブ,まさのぶ,男
雅典,マサノリ,まさのり,男
雅博,マサヒロ,まさひろ,男
雅史,マサシ,まさし,男
雅哉,マサヤ,まさや,男
雅夫,マサオ,まさお,男
雅子,マサコ,まさこ,女
雅宣,マサノブ,まさのぶ,男
雅康,マサヤス,まさやす,男
雅彦,マサヒコ,まさひこ,男
雅敏,マサトシ,まさとし,男
雅春,マサハル,まさはる,男
雅樹,マサキ,まさき,男
雅江,マサエ,まさえ,女
雅紹,マサツグ,まさつぐ,男
雅美,マサミ,まさみ,女
雅裕,マサヒロ,まさひろ,男
雅雄,マサオ,まさお,男
雛,ヒナ,ひな,女
雛乃,ヒナノ,ひなの,女
雛子,ヒナコ,ひなこ,女
雪乃,ユキノ,ゆきの,女
雪子,ユキコ,ゆきこ,女
雪絵,ユキエ,ゆきえ,女
雪菜,ユキナ,ゆきな,女
雫,シズク,しずく,女
靖,ヤスシ,やすし,男
靖夫,ヤスオ,やすお,男
靖子,ヤスコ,やすこ,女
靖彦,ヤスヒコ,やすひこ,男
静,シズ,しず,女
静夫,シズオ,しずお,男
静子,シズコ,しずこ,女
静枝,シズエ,しずえ,女
静江,シズエ,しずえ,女
静男,シズオ,しずお,男
静雄,シズオ,しずお,男
静香,シズカ,しずか,女
音々,ネネ,ねね,女
音羽,オトハ,おとは,女
音葉,オトハ,おとは,女
響,ヒビキ,ひびき,女
響子,キョウコ,きょうこ,女
順,ジュン,じゅん,男
順一,ジュンイチ,じゅんいち,男
順子,ジュンコ,じゅんこ,女
頼子,ヨリコ,よりこ,女
顕子,アキコ,あきこ,女
風花,フウカ,ふうか,女
風香,フウカ,ふうか,女
颯,ソウ,そう,男
颯太,ソウタ,そうた,男
飛鳥,アスカ,あすか,女
香,カオル,かおる,女
香乃,カノ,かの,女
香凛,カリン,かりん,女
香奈,カナ,かな,女
香奈子,カナコ,かなこ,女
香帆,カホ,かほ,女
香澄,カスミ,かすみ,女
香穂,カホ,かほ,女
香織,カオリ,かおり,女
香苗,カナエ,かなえ,女
香菜,カナ,かな,女
香里,カオリ,かおり,女
香音,カノン,かのん,女
駿,シュン,しゅん,男
高志,タカシ,たかし,男
麗,ウララ,うらら,女
麗奈,レナ,れな,女
麗子,レイコ,れいこ,女
麗華,レイカ,れいか,女
麗香,レイカ,れいか,女
麻世,マヨ,まよ,女
麻友,マユ,まゆ,女
麻央,マオ,まお,女
麻奈,マナ,まな,女
麻子,マコ,まこ,女
麻巳子,マミコ,まみこ,女
麻理,マリ,まり,女
麻理子,マリコ,まりこ,女
麻由,マユ,まゆ,女
麻紀,マキ,まき,女
麻緒,マオ,まお,女
麻美,アサミ,あさみ,女
麻耶,マヤ,まや,女
麻衣,マイ,まい,女
麻衣子,マイコ,まいこ,女
麻里,マリ,まり,女
麻里子,マリコ,まりこ,女
龍一,リュウイチ,りゅういち,男
龍也,タツヤ,たつや,男
龍五,リュウゴ,りゅうご,男
龍宏,リュウコウ,りゅうこう,男
龍平,リュウヘイ,りゅうへい,男
龍雄,タツオ,たつお,男
