姓, 姓(カタカナ), 姓(ひらがな)
三上,ミカミ,みかみ
三井,ミツイ,みつい
三原,ミハラ,みはら
三好,ミヨシ,みよし
三宅,ミヤケ,みやけ
三島,ミシマ,みしま
三木,ミキ,みき
三村,ミムラ,みむら
三枝,サエグサ,さえぐさ
三橋,ミハシ,みはし
三沢,ミサワ,みさわ
三浦,ミウラ,みうら
三田,ミタ,みた
三谷,サンヤ,さんや
三谷,ミタニ,みたに
三輪,ミワ,みわ
上原,ウエハラ,うえはら
上山,カミヤマ,かみやま
上岡,カミオカ,かみおか
上杉,ウエスギ,うえすぎ
上村,ウエムラ,うえむら
上条,カミジョウ,かみじょう
上田,ウエダ,うえだ
上野,アガノ,あがの
下山,シモヤマ,しもやま
下川,シモカワ,しもかわ
下村,シモムラ,しもむら
下田,シモダ,しもだ
並木,ナミキ,なみき
中,ナカ,なか
中井,ナカイ,なかい
中原,ナカハラ,なかはら
中塚,ナカツカ,なかつか
中尾,ナカオ,なかお
中山,ナカヤマ,なかやま
中岡,ナカオカ,なかおか
中島,ナカシマ,なかしま
中嶋,ナカジマ,なかじま
中川,ナカガワ,なかがわ
中本,ナカモト,なかもと
中村,ナカムラ,なかむら
中林,ナカバヤシ,なかばやし
中根,ナカネ,なかね
中森,ナカモリ,なかもり
中沢,ナカザワ,なかざわ
中澤,ナカザワ,なかざわ
中田,ナカダ,なかだ
中西,ナカニシ,なかにし
中谷,ナカタニ,なかたに
中里,ナカザト,なかざと
中野,ナカノ,なかの
丸山,マルヤマ,まるやま
丸田,マルタ,まるた
丹羽,タンバ,たんば
丹野,タンノ,たんの
久保,クボ,くぼ
久保田,クボタ,くぼた
久米,クメ,くめ
久野,ヒサノ,ひさの
乾,イヌイ,いぬい
亀井,カメイ,かめい
亀山,カメヤマ,かめやま
亀田,カメダ,かめだ
二宮,ニノミヤ,にのみや
二瓶,ニヘイ,にへい
五十嵐,イガラシ,いがらし
五味,ゴミ,ごみ
井上,イノウエ,いのうえ
井出,イデ,いで
井原,イハラ,いはら
井口,イグチ,いぐち
井川,イカワ,いかわ
井手,イデ,いで
井本,イモト,いもと
井村,イムラ,いむら
井沢,イザワ,いざわ
井田,イダ,いだ
今,コン,こん
今井,イマイ,いまい
今川,イマガワ,いまがわ
今村,イマムラ,いまむら
今泉,イマイズミ,いまいずみ
今田,イマダ,いまだ
今西,イマニシ,いまにし
今野,コンノ,こんの
仲村,ナカムラ,なかむら
仲田,ナカダ,なかだ
仲野,ナカノ,なかの
伊東,イトウ,いとう
伊沢,イザワ,いざわ
伊藤,イトウ,いとう
伏見,フシミ,ふしみ
会田,アイダ,あいだ
伴,バン,ばん
住田,スミダ,すみだ
佐々木,ササキ,ささき
佐久間,サクマ,さくま
佐伯,サエキ,さえき
佐川,サガワ,さがわ
佐竹,サタケ,さたけ
佐藤,サトウ,さとう
佐野,サノ,さの
依田,イダ,いだ
保坂,ホサカ,ほさか
保田,ヤスダ,やすだ
倉持,クラモチ,くらもち
倉本,クラモト,くらもと
倉橋,クラハシ,くらはし
倉田,クラタ,くらた
児島,コジマ,こじま
児玉,コダマ,こだま
入江,イリエ,いりえ
八木,ヤギ,やぎ
八田,ヤツタ,やつた
内山,ウチヤマ,うちやま
内村,ウチムラ,うちむら
内海,ウツミ,うつみ
内田,ウチダ,うちだ
内藤,ナイトウ,ないとう
内野,ウチノ,うちの
冨永,トミナガ,とみなが
冨田,トミタ,とみた
出口,デクチ,でくち
前原,マエハラ,まえはら
前島,マエジマ,まえじま
前川,マエカワ,まえかわ
前田,マエダ,まえだ
前野,マエノ,まえの
加瀬,カセ,かせ
加納,カノウ,かのう
加藤,カトウ,かとう
加賀,カガ,かが
勝又,カツマタ,かつまた
勝田,カツタ,かつた
北,キタ,きた
北原,キタハラ,きたはら
北尾,キタオ,きたお
北山,キタヤマ,きたやま
北岡,キタオカ,きたおか
北島,キタジマ,きたじま
北川,キタガワ,きたがわ
北村,キタムラ,きたむら
北条,ホウジョウ,ほうじょう
北沢,キタザワ,きたざわ
北田,キタダ,きただ
北野,キタノ,きたの
千田,センダ,せんだ
千葉,チバ,ちば
半田,ハンダ,はんだ
南,ミナミ,みなみ
南田,ミナミダ,みなみだ
南部,ナンブ,なんぶ
原,ハラ,はら
原口,ハラグチ,はらぐち
原田,ハラダ,はらだ
及川,オイカワ,おいかわ
古屋,フルヤ,ふるや
古山,フルヤマ,ふるやま
古川,フルカワ,ふるかわ
古市,フルイチ,ふるいち
古橋,フルハシ,ふるはし
古沢,フルサワ,ふるさわ
古河,フルカワ,ふるかわ
古田,フルタ,ふるた
古谷,フルヤ,ふるや
古賀,コガ,こが
合田,アイダ,あいだ
吉井,ヨシイ,よしい
吉原,ヨシワラ,よしわら
吉岡,ヨシオカ,よしおか
吉崎,ヨシザキ,よしざき
吉川,ヨシカワ,よしかわ
吉本,ヨシモト,よしもと
吉村,ヨシムラ,よしむら
吉永,ヨシナガ,よしなが
吉沢,ヨシザワ,よしざわ
吉澤,ヨシザワ,よしざわ
吉田,ヨシダ,よしだ
吉野,ヨシノ,よしの
名取,ナトリ,なとり
向井,ムカイ,むかい
吾妻,アズマ,あずま
和泉,イズミ,いずみ
和田,ワダ,わだ
唐沢,カラサワ,からさわ
喜多,キタ,きた
国分,コクブ,こくぶ
園田,ソノダ,そのだ
土井,ドイ,どい
土居,ドイ,どい
土屋,ツチヤ,つちや
土橋,ツチハシ,つちはし
土橋,ドバシ,どばし
土田,ツチダ,つちだ
土肥,ドイ,どい
土谷,ツチヤ,つちや
坂,バン,ばん
坂上,サカガミ,さかがみ
坂下,サカシタ,さかした
坂井,サカイ,さかい
坂元,サカモト,さかもと
坂口,サカグチ,さかぐち
坂本,サカモト,さかもと
坂東,バンドウ,ばんどう
坂田,サカタ,さかた
坂野,サカノ,さかの
坪井,ツボイ,つぼい
坪田,ツボタ,つぼた
垣内,カキウチ,かきうち
城戸,キド,きど
堀,ホリ,ほり
堀井,ホリイ,ほりい
堀内,ホリウチ,ほりうち
堀口,ホリグチ,ほりぐち
堀川,ホリカワ,ほりかわ
堀江,ホリエ,ほりえ
堀田,ホッタ,ほった
堀越,ホリコシ,ほりこし
堤,ツツミ,つつみ
塚原,ツカハラ,つかはら
塚本,ツカモト,つかもと
塚田,ツカダ,つかだ
塚越,ツカゴシ,つかごし
塩崎,シオザキ,しおざき
塩沢,シオザワ,しおざわ
塩田,シオダ,しおだ
塩見,シオミ,しおみ
塩谷,シオタニ,しおたに
増井,マスイ,ますい
増山,マスヤマ,ますやま
増田,マスダ,ますだ
外山,ソトヤマ,そとやま
多田,オオタ,おおた
大下,オオシタ,おおした
大久保,オオクボ,おおくぼ
大井,オオイ,おおい
大倉,オオクラ,おおくら
大内,オウウチ,おううち
大前,オオマエ,おおまえ
大原,オオハラ,おおはら
大友,オオトモ,おおとも
大和,ダイワ,だいわ
大和田,オオワダ,おおわだ
大坪,オオツボ,おおつぼ
大城,オオシロ,おおしろ
大場,オオバ,おおば
大塚,オオツカ,おおつか
大宮,オオミヤ,おおみや
大山,オオヤマ,おおやま
大島,オオシマ,おおしま
大崎,オオサキ,おおさき
大嶋,オオシマ,おおしま
大川,オオカワ,おおかわ
大平,オオヒラ,おおひら
大庭,オオニワ,おおにわ
大木,オオキ,おおき
大村,オオムラ,おおむら
大林,オオバヤシ,おおばやし
大森,オオモリ,おおもり
大槻,オオツキ,おおつき
大橋,オオハシ,おおはし
大江,オオエ,おおえ
大沢,オオサワ,おおさわ
大河原,オオガワラ,おおがわら
大沼,オオヌマ,おおぬま
大津,オオツ,おおつ
大浦,オオウラ,おおうら
大淵,オオブチ,おおぶち
大滝,オオタキ,おおたき
大澤,オオサワ,おおさわ
大熊,オオクマ,おおくま
大田,オオタ,おおた
大畑,オオハタ,おおはた
大矢,オオヤ,おおや
大石,オオイシ,おおいし
大竹,オオタケ,おおたけ
大西,オオニシ,おおにし
大谷,オオヤ,おおや
大貫,オオヌキ,おおぬき
大野,オオノ,おおの
大関,オオゼキ,おおぜき
大高,オオダカ,おおだか
天野,アマノ,あまの
太田,オオタ,おおた
奈良,ナラ,なら
奥,オク,おく
奥山,オクヤマ,おくやま
奥村,オクムラ,おくむら
奥田,オクダ,おくだ
奥野,オクノ,おくの
妹尾,セノオ,せのお
宇佐美,ウサミ,うさみ
宇田川,ウダガワ,うだがわ
宇都宮,ウツノミヤ,うつのみや
宇野,ウノ,うの
守屋,モリヤ,もりや
安井,ヤスイ,やすい
安原,ヤスハラ,やすはら
安川,ヤスカワ,やすかわ
安斉,アンザイ,あんざい
安斎,アンザイ,あんざい
安東,アンドウ,あんどう
安永,ヤスナガ,やすなが
安田,ヤスダ,やすだ
安藤,アンドウ,あんどう
安西,アンザイ,あんざい
安達,アダチ,あだち
安部,アベ,あべ
宍戸,シシド,ししど
室井,ムロイ,むろい
宮下,ミヤシタ,みやした
宮内,ミヤウチ,みやうち
宮原,ミヤハラ,みやはら
宮地,ミヤチ,みやち
宮坂,ミヤサカ,みやさか
宮城,ミヤギ,みやぎ
宮島,ミヤジマ,みやじま
宮崎,ミヤザキ,みやざき
宮川,ミヤカワ,みやかわ
宮本,ミヤモト,みやもと
宮沢,ミヤザワ,みやざわ
宮田,ミヤタ,みやた
宮脇,ミヤワキ,みやわき
宮野,ミヤノ,みやの
富山,トミヤマ,とみやま
富岡,トミオカ,とみおか
富樫,トガシ,とがし
富永,トミナガ,とみなが
富沢,トミザワ,とみざわ
富田,トミダ,とみだ
寺内,テラウチ,てらうち
寺尾,テラオ,てらお
寺岡,テラオカ,てらおか
寺島,テラシマ,てらしま
寺崎,テラサキ,てらさき
寺本,テラモト,てらもと
寺沢,テラサワ,てらさわ
寺田,テラダ,てらだ
寺西,テラニシ,てらにし
小久保,コクボ,こくぼ
小俣,オマタ,おまた
小倉,オグラ,おぐら
小出,オデ,おで
小原,オハラ,おはら
小口,オグチ,おぐち
小坂,オサカ,おさか
小堀,コボリ,こぼり
小室,コムロ,こむろ
小宮,コミヤ,こみや
小寺,オデラ,おでら
小山,オヤマ,おやま
小山田,オヤマダ,おやまだ
小峰,コミネ,こみね
小島,オジマ,おじま
小嶋,オジマ,おじま
小嶋,コジマ,こじま
小川,オガワ,おがわ
小幡,オバタ,おばた
小平,コダイラ,こだいら
小暮,コグレ,こぐれ
小杉,コスギ,こすぎ
小村,コムラ,こむら
小松,コマツ,こまつ
小林,コバヤシ,こばやし
小柳,コヤナギ,こやなぎ
小栗,オグリ,おぐり
小森,コモリ,こもり
小椋,オグラ,おぐら
小池,コイケ,こいけ
小沢,オザワ,おざわ
小沼,オヌマ,おぬま
小泉,コイズミ,こいずみ
小澤,オザワ,おざわ
小玉,コダマ,こだま
小田,オダ,おだ
小畑,オハタ,おはた
小畑,オバタ,おばた
小畑,コハタ,こはた
小笠原,オガサワラ,おがさわら
小菅,コスゲ,こすげ
小西,コニシ,こにし
小谷,コタニ,こたに
小野,オノ,おの
小野寺,オノデラ,おのでら
小野田,オノダ,おのだ
小関,オセキ,おせき
小関,オゼキ,おぜき
小高,オダカ,おだか
尾上,オガミ,おがみ
尾崎,オザキ,おざき
尾形,オガタ,おがた
山上,ヤマガミ,やまがみ
山下,ヤマシタ,やました
山中,ヤマナカ,やまなか
山元,ヤマモト,やまもと
山内,ヤマウチ,やまうち
山口,ヤマグチ,やまぐち
山城,ヤマシロ,やましろ
山岡,ヤマオカ,やまおか
山岸,ヤマギシ,やまぎし
山崎,ヤマザキ,やまざき
山川,ヤマカワ,やまかわ
山形,ヤマガタ,やまがた
山本,ヤマモト,やまもと
山村,ヤマムラ,やまむら
山根,ヤマネ,やまね
山田,ヤマダ,やまだ
山脇,ヤマワキ,やまわき
山野,ヤマノ,やまの
岡,オカ,おか
岡山,オカヤマ,おかやま
岡島,オカジマ,おかじま
岡崎,オカザキ,おかざき
岡本,オカモト,おかもと
岡村,オカムラ,おかむら
岡田,オカダ,おかだ
岡部,オカベ,おかべ
岡野,オカノ,おかの
岩下,イワシタ,いわした
岩井,イワイ,いわい
岩佐,イワサ,いわさ
岩城,イワキ,いわき
岩崎,イワサキ,いわさき
岩本,イワモト,いわもと
岩永,イワナガ,いわなが
岩沢,イワサワ,いわさわ
岩渕,イワブチ,いわぶち
岩瀬,イワセ,いわせ
岩田,イワタ,いわた
岩谷,イワタニ,いわたに
岩間,イワマ,いわま
岸,キシ,きし
岸本,キシモト,きしもと
岸田,キシダ,きしだ
峰,ミネ,みね
島,シマ,しま
島崎,シマザキ,しまざき
島本,シマモト,しまもと
島村,シマムラ,しまむら
島津,シマヅ,しまづ
島田,シマダ,しまだ
島袋,シマブクロ,しまぶくろ
嶋田,シマダ,しまだ
川上,カワカミ,かわかみ
川井,カワイ,かわい
川原,カワハラ,かわはら
川口,カワグチ,かわぐち
川合,カワイ,かわい
川名,カワナ,かわな
川島,カワシマ,かわしま
川崎,カワサキ,かわさき
川嶋,カワシマ,かわしま
川本,カワモト,かわもと
川村,カワムラ,かわむら
川添,カワゾエ,かわぞえ
川瀬,カワセ,かわせ
川田,カワダ,かわだ
川畑,カワバタ,かわばた
川端,カワバタ,かわばた
川西,カワニシ,かわにし
川越,カワゴエ,かわごえ
川辺,カワベ,かわべ
川野,カワノ,かわの
工藤,クドウ,くどう
市原,イチハラ,いちはら
市川,イチカワ,いちかわ
市村,イチムラ,いちむら
布施,フセ,ふせ
平,タイラ,たいら
平井,ヒライ,ひらい
平原,ヒラハラ,ひらはら
平塚,ヒラツカ,ひらつか
平尾,ヒラオ,ひらお
平山,ヒラヤマ,ひらやま
平岡,ヒラオカ,ひらおか
平川,ヒラカワ,ひらかわ
平本,ヒラモト,ひらもと
平松,ヒラマツ,ひらまつ
平林,ヒラバヤシ,ひらばやし
平沢,ヒラサワ,ひらさわ
平田,ヒラタ,ひらた
平良,ヒラヨシ,ひらよし
平賀,ヒラガ,ひらが
平野,ヒラノ,ひらの
広川,ヒロカワ,ひろかわ
広瀬,ヒロセ,ひろせ
広田,ヒロタ,ひろた
庄司,ショウジ,しょうじ
影山,カゲヤマ,かげやま
後藤,ゴトウ,ごとう
徳永,トクナガ,とくなが
徳田,トクダ,とくだ
志村,シムラ,しむら
志田,シダ,しだ
志賀,シガ,しが
恩田,オンダ,おんだ
成瀬,ナルセ,なるせ
成田,ナリタ,なりた
我妻,アガツマ,あがつま
戸塚,トツカ,とつか
戸田,トダ,とだ
手塚,テヅカ,てづか
手島,テジマ,てじま
持田,モチダ,もちだ
斉藤,サイトウ,さいとう
斎藤,サイトウ,さいとう
新井,アライ,あらい
新保,シンポ,しんぽ
新倉,ニイクラ,にいくら
新垣,アラガキ,あらがき
新川,シンカワ,しんかわ
新村,ニイムラ,にいむら
新田,ニッタ,にった
新谷,アラヤ,あらや
日下,クサカ,くさか
日下部,クサカベ,くさかべ
日比野,ヒビノ,ひびの
日野,ヒノ,ひの
日高,ヒダカ,ひだか
早坂,ハヤサカ,はやさか
早川,ハヤカワ,はやかわ
明石,アカイシ,あかいし
星,ホシ,ほし
星野,ホシノ,ほしの
春日,カスガ,かすが
曽我,ソガ,そが
曽根,ソネ,そね
有田,アリタ,ありた
有賀,アリガ,ありが
有馬,アリマ,ありま
服部,ハットリ,はっとり
望月,モチヅキ,もちづき
朝倉,アサクラ,あさくら
木下,キノシタ,きのした
木内,キウチ,きうち
木原,キハラ,きはら
木戸,キド,きど
木本,キモト,きもと
木村,キムラ,きむら
木田,キダ,きだ
末吉,スエヨシ,すえよし
末永,スエナガ,すえなが
本多,ホンダ,ほんだ
本山,モトヤマ,もとやま
本村,モトムラ,もとむら
本橋,モトハシ,もとはし
本田,ホンダ,ほんだ
本郷,ホンゴウ,ほんごう
本間,ホンマ,ほんま
杉原,スギハラ,すぎはら
杉山,スギヤマ,すぎやま
杉本,スギモト,すぎもと
杉村,スギムラ,すぎむら
杉浦,スギウラ,すぎうら
杉田,スギタ,すぎた
杉野,スギノ,すぎの
李,リ,り
村上,ムラカミ,むらかみ
村井,ムライ,むらい
村山,ムラヤマ,むらやま
村岡,ムラオカ,むらおか
村木,ムラキ,むらき
村松,ムラマツ,むらまつ
村瀬,ムラセ,むらせ
村田,ムラタ,むらた
東,アズマ,あずま
東山,ヒガシヤマ,ひがしやま
東海林,ショウジ,しょうじ
東野,ヒガシノ,ひがしの
松下,マツシタ,まつした
松井,マツイ,まつい
松元,マツモト,まつもと
松原,マツバラ,まつばら
松尾,マツオ,まつお
松山,マツヤマ,まつやま
松岡,マツオカ,まつおか
松島,マツシマ,まつしま
松崎,マツザキ,まつざき
松川,マツカワ,まつかわ
松木,マツキ,まつき
松本,マツモト,まつもと
松村,マツムラ,まつむら
松永,マツナガ,まつなが
松沢,マツザワ,まつざわ
松浦,マツウラ,まつうら
松田,マツダ,まつだ
松野,マツノ,まつの
板倉,イタクラ,いたくら
板垣,イタガキ,いたがき
板橋,イタバシ,いたばし
林,ハヤシ,はやし
林田,ハヤシダ,はやしだ
柏原,カシワバラ,かしわばら
柏木,カシワギ,かしわぎ
染谷,ソメヤ,そめや
柳,ヤナギ,やなぎ
柳原,ヤナギハラ,やなぎはら
柳川,ヤナガワ,やながわ
柳沢,ヤナギサワ,やなぎさわ
柳瀬,ヤナセ,やなせ
柳田,ヤナギダ,やなぎだ
柴山,シバヤマ,しばやま
柴崎,シバザキ,しばざき
柴田,シバタ,しばた
柿崎,カキザキ,かきざき
栗原,クリハラ,くりはら
栗山,クリヤマ,くりやま
栗本,クリモト,くりもと
栗林,クリバヤシ,くりばやし
栗田,クリタ,くりた
根岸,ネギシ,ねぎし
根本,ネモト,ねもと
桑原,クハバラ,くはばら
桑田,クワタ,くわた
桜井,サクライ,さくらい
桜田,サクラダ,さくらだ
梅原,ウメハラ,うめはら
梅木,ウメキ,うめき
梅本,ウメモト,うめもと
梅村,ウメムラ,うめむら
梅沢,ウメザワ,うめざわ
梅津,ウメヅ,うめづ
梅田,ウメダ,うめだ
梶,カジ,かじ
梶原,カジワラ,かじわら
梶田,カジタ,かじた
棚橋,タナハシ,たなはし
森,モリ,もり
森下,モリシタ,もりした
森井,モリイ,もりい
森口,モリグチ,もりぐち
森山,モリヤマ,もりやま
森岡,モリオカ,もりおか
森島,モリシマ,もりしま
森川,モリカワ,もりかわ
森本,モリモト,もりもと
森永,モリナガ,もりなが
森田,モリタ,もりた
森脇,モリワキ,もりわき
森谷,モリヤ,もりや
植木,ウエキ,うえき
植村,ウエムラ,うえむら
植松,ウエマツ,うえまつ
植田,ウエダ,うえだ
椎名,シイナ,しいな
楠,クスノキ,くすのき
楠本,クスモト,くすもと
榊原,サカキバラ,さかきばら
榎本,エノモト,えのもと
樋口,ヒグチ,ひぐち
横井,ヨコイ,よこい
横尾,ヨコオ,よこお
横山,ヨコヤマ,よこやま
横川,ヨコカワ,よこかわ
横溝,ヨコミゾ,よこみぞ
横田,ヨコタ,よこた
橋口,ハシグチ,はしぐち
橋本,ハシモト,はしもと
橋爪,ハシヅメ,はしづめ
橘,タチバナ,たちばな
櫻井,サクライ,さくらい
正木,マサキ,まさき
武井,タケイ,たけい
武内,タケウチ,たけうち
武田,タケダ,たけだ
武藤,タケフジ,たけふじ
比嘉,ヒガ,ひが
毛利,モウリ,もうり
氏家,ウジイエ,うじいえ
水上,ミズカミ,みずかみ
水口,ミズグチ,みずぐち
水島,ミズシマ,みずしま
水田,ミズタ,みずた
水谷,ミズタニ,みずたに
水野,ミズノ,みずの
永井,ナガイ,ながい
永山,ナガヤマ,ながやま
永島,ナガシマ,ながしま
永瀬,ナガセ,ながせ
永田,ナガタ,ながた
永野,ナガノ,ながの
江原,エバラ,えばら
江口,エグチ,えぐち
江崎,エザキ,えざき
江川,エガワ,えがわ
江成,エナリ,えなり
江田,エダ,えだ
江藤,エトウ,えとう
江頭,エガシラ,えがしら
池上,イケガミ,いけがみ
池内,イケウチ,いけうち
池本,イケモト,いけもと
池田,イケダ,いけだ
池谷,イケタニ,いけたに
沖,オキ,おき
沖田,オキタ,おきた
沢,サワ,さわ
沢井,サワイ,さわい
沢村,サワムラ,さわむら
沢田,サワダ,さわだ
河上,カワカミ,かわかみ
河井,カワイ,かわい
河内,カワウチ,かわうち
河原,カワハラ,かわはら
河口,カワグチ,かわぐち
河合,カワイ,かわい
河崎,カワサキ,かわさき
河本,カワモト,かわもと
河村,カワムラ,かわむら
河田,カワダ,かわだ
河野,カワノ,かわの
沼田,ヌマタ,ぬまた
泉,イズミ,いずみ
波多野,ハタノ,はたの
津村,ツムラ,つむら
津田,ツダ,つだ
浅井,アサイ,あさい
浅川,アサカワ,あさかわ
浅沼,アサヌマ,あさぬま
浅田,アサダ,あさだ
浅見,アサミ,あさみ
浅野,アサノ,あさの
浜,ハマ,はま
浜口,ハマグチ,はまぐち
浜崎,ハマザキ,はまざき
浜本,ハマモト,はまもと
浜田,ハマダ,はまだ
浜野,ハマノ,はまの
浦田,ウラタ,うらた
浦野,ウラノ,うらの
海老原,エビハラ,えびはら
海野,ウミノ,うみの
深井,フカイ,ふかい
深沢,フカザワ,ふかざわ
深田,フカダ,ふかだ
深谷,フカヤ,ふかや
清水,キヨミズ,きよみず
清田,キヨタ,きよた
清野,キヨノ,きよの
渋谷,シブヤ,しぶや
渡辺,ワタナベ,わたなべ
渡邊,ワタナベ,わたなべ
渡部,ワタナベ,わたなべ
渥美,アツミ,あつみ
湊,ミナト,みなと
湯川,ユカワ,ゆかわ
湯浅,ユアサ,ゆあさ
溝口,ミゾグチ,みぞぐち
滋賀,シガ,しが
滝,タキ,たき
滝口,タキグチ,たきぐち
滝川,タキガワ,たきがわ
滝本,タキモト,たきもと
滝沢,タキザワ,たきざわ
滝田,タキタ,たきた
澤田,サワダ,さわだ
濱田,ハマダ,はまだ
瀬尾,セオ,せお
瀬川,セガワ,せがわ
瀬戸,セト,せと
熊倉,クマクラ,くまくら
熊沢,クマザワ,くまざわ
熊田,クマダ,くまだ
熊谷,クマガヤ,くまがや
片山,カタヤマ,かたやま
片岡,カタオカ,かたおか
片桐,カタギリ,かたぎり
片野,カタノ,かたの
牧,マキ,まき
牧野,マキノ,まきの
狩野,カノウ,かのう
猪俣,イノマタ,いのまた
猪股,イノマタ,いのまた
玉井,タマイ,たまい
玉城,タマキ,たまき
玉木,タマギ,たまぎ
玉田,タマダ,たまだ
玉置,タマキ,たまき
生田,イクタ,いくた
田上,タウエ,たうえ
田中,タナカ,たなか
田代,タシロ,たしろ
田原,タワラ,たわら
田口,タグチ,たぐち
田尻,タジリ,たじり
田島,タジマ,たじま
田崎,タザキ,たざき
田川,タガワ,たがわ
田所,タドコロ,たどころ
田村,タムラ,たむら
田沢,タザワ,たざわ
田淵,タブチ,たぶち
田渕,タブチ,たぶち
田畑,タバタ,たばた
田端,タバタ,たばた
田辺,タナベ,たなべ
甲斐,カイ,かい
町田,マチダ,まちだ
畑,ハタケ,はたけ
畑中,ハタナカ,はたなか
畠中,ハタナカ,はたなか
畠山,ハタケヤマ,はたけやま
白井,シライ,しらい
白川,シラカワ,しらかわ
白木,シラキ,しらき
白石,シライシ,しらいし
白鳥,シラトリ,しらとり
百瀬,モモセ,ももせ
的場,マトバ,まとば
皆川,ミナガワ,みながわ
益子,マスコ,ますこ
益田,マスダ,ますだ
目黒,メグロ,めぐろ
相原,アイハラ,あいはら
相川,アイカワ,あいかわ
相沢,アイザワ,あいざわ
相田,アイダ,あいだ
相良,サガラ,さがら
相馬,ソウマ,そうま
真田,サナダ,さなだ
真野,マノ,まの
真鍋,マナベ,まなべ
矢口,ヤグチ,やぐち
矢吹,ヤブキ,やぶき
矢島,ヤジマ,やじま
矢崎,ヤザキ,やざき
矢沢,ヤザワ,やざわ
矢田,ヤダ,やだ
矢部,ヤベ,やべ
矢野,ヤノ,やの
石丸,イシマル,いしまる
石井,イシイ,いしい
石倉,イシクラ,いしくら
石原,イシハラ,いしはら
石坂,イシザカ,いしざか
石垣,イシガキ,いしがき
石塚,イシヅカ,いしづか
石山,イシヤマ,いしやま
石岡,イシオカ,いしおか
石崎,イシザキ,いしざき
石川,イシカワ,いしかわ
石本,イシモト,いしもと
石村,イシムラ,いしむら
石橋,イシバシ,いしばし
石沢,イシザワ,いしざわ
石渡,イシワタリ,いしわたり
石田,イシダ,いしだ
石野,イシノ,いしの
石黒,イシグロ,いしぐろ
砂川,サガワ,さがわ
碓井,ウスイ,うすい
磯崎,イソザキ,いそざき
磯部,イソベ,いそべ
磯野,イソノ,いその
神保,ジンボ,じんぼ
神山,カミヤマ,かみやま
神崎,カンザキ,かんざき
神戸,コウベ,こうべ
神戸,ゴウド,ごうど
神田,カンダ,かんだ
神谷,カミヤ,かみや
神野,カミノ,かみの
神野,カンノ,かんの
福井,フクイ,ふくい
福元,フクモト,ふくもと
福原,フクハラ,ふくはら
福地,フクチ,ふくち
福山,フクヤマ,ふくやま
福岡,フクオカ,ふくおか
福島,フクシマ,ふくしま
福本,フクモト,ふくもと
福永,フクナガ,ふくなが
福沢,フクザワ,ふくざわ
福田,フクダ,ふくだ
秋元,アキモト,あきもと
秋山,アキヤマ,あきやま
秋本,アキモト,あきもと
秋田,アキタ,あきた
秋葉,アキバ,あきば
秦,ハタ,はた
稲垣,イナガキ,いながき
稲村,イナムラ,いなむら
稲田,イナダ,いなだ
稲葉,イナバ,いなば
窪田,クボタ,くぼた
立川,タチカワ,たちかわ
立石,タテイシ,たていし
立花,タチバナ,たちばな
竹下,タケシタ,たけした
竹中,タケナカ,たけなか
竹内,タケウチ,たけうち
竹原,タケハラ,たけはら
竹本,タケモト,たけもと
竹村,タケムラ,たけむら
竹田,タケダ,たけだ
笠井,カサイ,かさい
笠原,カサハラ,かさはら
笹原,ササハラ,ささはら
笹川,ササガワ,ささがわ
笹本,ササモト,ささもと
笹森,ササモリ,ささもり
筒井,ツツイ,つつい
篠原,シノハラ,しのはら
篠崎,シノザキ,しのざき
篠田,シノダ,しのだ
米倉,ヨネクラ,よねくら
米山,コメヤマ,こめやま
米沢,ヨネザワ,よねざわ
米田,ヨネダ,よねだ
粕谷,カスヤ,かすや
細井,ホソイ,ほそい
細川,ホソカワ,ほそかわ
細田,ホソダ,ほそだ
細谷,ホソヤ,ほそや
細野,ホソノ,ほその
紺野,コンノ,こんの
結城,ユウキ,ゆうき
緒方,オガタ,おがた
織田,オダ,おだ
羽田,ハタ,はた
羽鳥,ハトリ,はとり
脇田,ワキタ,わきた
臼井,ウスイ,うすい
舟木,フナキ,ふなき
船橋,フナバシ,ふなばし
船越,フナコシ,ふなこし
芦田,アシダ,あしだ
花井,ハナイ,はない
花岡,ハナオカ,はなおか
花田,ハナダ,はなだ
芳賀,ハガ,はが
若山,ワカヤマ,わかやま
若松,ワカマツ,わかまつ
若林,ワカバヤシ,わかばやし
茂木,モギ,もぎ
草野,クサノ,くさの
荒井,アライ,あらい
荒川,アラカワ,あらかわ
荒木,アラキ,あらき
荻原,オギワラ,おぎわら
荻野,オギノ,おぎの
菅,カン,かん
菅井,スガイ,すがい
菅原,スガハラ,すがはら
菅沼,スガヌマ,すがぬま
菅谷,スガヤ,すがや
菅野,スガノ,すがの
菊地,キクチ,きくち
菊池,キクチ,きくち
菊田,キクタ,きくた
萩原,ハギワラ,はぎわら
落合,オチアイ,おちあい
葛西,カサイ,かさい
藤井,フジイ,ふじい
藤原,フジワラ,ふじわら
藤岡,フジオカ,ふじおか
藤島,フジシマ,ふじしま
藤崎,フジザキ,ふじざき
藤川,フジカワ,ふじかわ
藤巻,フジマキ,ふじまき
藤木,フジキ,ふじき
藤本,フジモト,ふじもと
藤村,フジムラ,ふじむら
藤森,フジモリ,ふじもり
藤沢,フジサワ,ふじさわ
藤田,フジタ,ふじた
藤谷,フジタニ,ふじたに
藤野,フジノ,ふじの
蛭田,ヒルタ,ひるた
西,ニシ,にし
西原,ニシハラ,にしはら
西口,ニシグチ,にしぐち
西尾,ニシオ,にしお
西山,ニシヤマ,にしやま
西岡,ニシオカ,にしおか
西島,ニシジマ,にしじま
西川,ニシカワ,にしかわ
西本,ニシモト,にしもと
西村,ニシムラ,にしむら
西沢,ニシザワ,にしざわ
西田,ニシダ,にしだ
西脇,ニシワキ,にしわき
西谷,ニシタニ,にしたに
西野,ニシノ,にしの
角,カク,かく
角田,カクタ,かくた
諏訪,スワ,すわ
諸星,モロボシ,もろぼし
谷,タニ,たに
谷内,タニウチ,たにうち
谷口,タニグチ,たにぐち
谷川,タニガワ,たにがわ
谷本,タニモト,たにもと
谷村,タニムラ,たにむら
豊島,トシマ,としま
豊田,トヨダ,とよだ
赤井,アカイ,あかい
赤坂,アカサカ,あかさか
赤塚,アカツカ,あかつか
赤木,アカギ,あかぎ
赤松,アカマツ,あかまつ
赤羽,アカバネ,あかばね
越智,オチ,おち
足立,アダチ,あだち
辻,ツジ,つじ
辻本,ツジモト,つじもと
近藤,コンドウ,こんどう
迫田,サコタ,さこた
進藤,シンドウ,しんどう
遠山,トオヤマ,とおやま
遠藤,エンドウ,えんどう
那須,ナス,なす
郡司,グンジ,ぐんじ
都築,ツズキ,つずき
酒井,サカイ,さかい
重松,シゲマツ,しげまつ
重田,オモダ,おもだ
重田,シゲタ,しげた
野上,ノガミ,のがみ
野中,ノナカ,のなか
野原,ノハラ,のはら
野口,ノグチ,のぐち
野呂,ノロ,のろ
野島,ノジマ,のじま
野崎,ノザキ,のざき
野本,ノモト,のもと
野村,ノムラ,のむら
野沢,ノザワ,のざわ
野田,ノダ,のだ
野間,ノマ,のま
金丸,カナマル,かなまる
金井,カネイ,かねい
金城,カナシロ,かなしろ
金子,カネコ,かねこ
金山,カナヤマ,かなやま
金森,カナモリ,かなもり
金沢,カナザワ,かなざわ
金田,カナダ,かなだ
金谷,カナヤ,かなや
金野,カネノ,かねの
鈴木,スズキ,すずき
鎌田,カマタ,かまた
長井,ナガイ,ながい
長友,ナガトモ,ながとも
長坂,ナガサカ,ながさか
長尾,ナガオ,ながお
長岡,ナガオカ,ながおか
長島,ナガシマ,ながしま
長崎,ナガサキ,ながさき
長嶋,ナガシマ,ながしま
長沢,ナガサワ,ながさわ
長沼,ナガヌマ,ながぬま
長浜,ナガハマ,ながはま
長瀬,ナガセ,ながせ
長田,ナガタ,ながた
長谷,ナガヤ,ながや
長谷川,ハセガワ,はせがわ
長谷部,ハセベ,はせべ
長野,ナガノ,ながの
門田,カドタ,かどた
門脇,カドワキ,かどわき
関,カン,かん
関口,セキグチ,せきぐち
関本,セキモト,せきもと
関根,セキネ,せきね
関谷,セキヤ,せきや
阪本,サカモト,さかもと
阿久津,アクツ,あくつ
阿部,アベ,あべ
陳,チン,ちん
難波,ナンバ,なんば
雨宮,アメミヤ,あめみや
露木,ツユキ,つゆき
青山,アオヤマ,あおやま
青木,アオキ,あおき
青柳,アオヤギ,あおやぎ
青野,アオノ,あおの
須田,スダ,すだ
須藤,スドウ,すどう
須賀,スガ,すが
風間,カザマ,かざま
飛田,トビタ,とびた
飯塚,イイヅカ,いいづか
飯島,イイジマ,いいじま
飯田,イイダ,いいだ
飯野,イイノ,いいの
首藤,シュドウ,しゅどう
香坂,コウサカ,こうさか
香川,カガワ,かがわ
馬場,ババ,ばば
高井,タカイ,たかい
高倉,タカクラ,たかくら
高原,タカハラ,たかはら
高坂,コウサカ,こうさか
高尾,タカオ,たかお
高山,タカヤマ,たかやま
高岡,タカオカ,たかおか
高島,タカシマ,たかしま
高崎,タカサキ,たかさき
高嶋,タカシマ,たかしま
高木,タカギ,たかぎ
高村,タカムラ,たかむら
高松,タカマツ,たかまつ
高柳,タカヤナギ,たかやなぎ
高梨,タカナシ,たかなし
高橋,タカハシ,たかはし
高沢,タカザワ,たかざわ
高津,タカツ,たかつ
高瀬,タカセ,たかせ
高田,コウダ,こうだ
高畑,タカハタ,たかはた
高見,タカミ,たかみ
高谷,コウヤ,こうや
高野,タカノ,たかの
鬼頭,キトウ,きとう
鮫島,サメジマ,さめじま
鳥居,トリイ,とりい
鳴海,ナルミ,なるみ
鵜飼,ウカイ,うかい
鶴岡,ツルオカ,つるおか
鶴田,ツルタ,つるた
鹿島,カシマ,かしま
鹿野,カノ,かの
麻生,アソウ,あそう
黒岩,クロイワ,くろいわ
黒崎,クロザキ,くろざき
黒川,クロカワ,くろかわ
黒木,クロキ,くろき
黒沢,クロサワ,くろさわ
黒澤,クロサワ,くろさわ
黒田,クロダ,くろだ
齋藤,サイトウ,さいとう
